# s_m; t_s; delta_rad; f_drive_N; f_brake_N; gamma_y_N
0.0; 0.000; 0.00565; 5.2; -3820.4; -926.4
3.1; 0.144; 0.00127; 0.0; -4290.6; -575.3
6.2; 0.291; -0.00255; 0.0; -4290.6; -572.9
9.3; 0.443; -0.00313; 0.0; -4290.6; -560.5
12.4; 0.600; 0.00400; 0.0; -4290.6; 18.7
15.5; 0.761; 0.02248; 6.6; -3013.8; 1564.6
18.6; 0.927; 0.04608; 24.2; -827.0; 3323.5
21.7; 1.096; 0.04352; 86.9; -230.1; 3938.5
24.8; 1.267; 0.01803; 191.3; -0.0; 3873.3
27.9; 1.439; -0.02668; 4290.4; -0.3; 1248.3
31.0; 1.609; -0.05970; 19.5; -1027.6; -3211.2
34.1; 1.778; -0.04609; 298.0; -0.0; -3886.4
37.2; 1.948; -0.02258; 199.4; -0.0; -3867.3
40.3; 2.118; -0.00615; 217.2; -0.0; -3806.0
43.4; 2.289; 0.00365; 250.8; -0.0; -3778.8
46.5; 2.461; 0.01320; 293.4; -0.0; -3688.0
49.6; 2.634; 0.02520; 392.7; -0.0; -3276.2
52.7; 2.807; 0.03897; 4290.6; -0.0; 362.3
55.8; 2.979; 0.05060; 1539.3; -0.0; 3079.7
58.9; 3.147; 0.04523; 475.8; -0.0; 3738.8
62.0; 3.315; 0.02960; 244.1; -0.0; 3857.3
65.1; 3.484; 0.01434; 199.2; -0.0; 3850.4
68.2; 3.653; 0.00155; 227.2; -0.0; 3810.6
71.3; 3.822; -0.01079; 276.8; -0.0; 3686.9
74.4; 3.993; -0.02360; 458.5; -0.0; 3205.8
77.5; 4.165; -0.03640; 4290.6; -0.0; -479.4
80.6; 4.334; -0.04847; 1625.4; -0.1; -3033.2
83.7; 4.500; -0.04469; 496.0; -0.2; -3733.2
86.8; 4.666; -0.02858; 263.5; -0.0; -3840.2
89.9; 4.833; -0.01348; 215.2; -0.0; -3815.9
93.0; 4.999; -0.00297; 221.6; -0.0; -3785.9
96.1; 5.167; 0.00471; 244.7; -0.0; -3750.7
99.2; 5.335; 0.01647; 323.6; -0.0; -3463.5
102.3; 5.505; 0.03886; 4290.6; -0.0; -25.4
105.4; 5.672; 0.05603; 415.3; -0.3; 3335.1
108.5; 5.837; 0.04157; 345.4; -0.0; 3838.6
111.6; 6.003; 0.02220; 209.5; -0.0; 3871.8
114.7; 6.169; 0.00674; 208.2; -0.0; 3836.9
117.8; 6.336; -0.00472; 245.9; -0.0; 3800.0
120.9; 6.503; -0.01564; 294.7; -0.0; 3699.6
124.0; 6.672; -0.02771; 376.2; -0.0; 3319.7
127.1; 6.841; -0.04071; 4290.6; -0.0; -92.6
130.2; 7.008; -0.05098; 717.0; -0.5; -3125.1
133.3; 7.173; -0.04194; 1.4; -92.2; -3758.6
136.4; 7.339; -0.02395; 242.7; -0.0; -3833.6
139.5; 7.505; -0.00974; 218.8; -0.0; -3794.1
142.6; 7.672; -0.00104; 227.1; -0.0; -3769.4
145.7; 7.839; 0.00472; 243.5; -0.0; -3757.2
148.8; 8.008; 0.01542; 304.0; -0.0; -3521.9
151.9; 8.177; 0.03842; 4290.6; -0.0; -315.5
155.0; 8.345; 0.05718; 1228.4; -0.2; 3306.4
158.1; 8.509; 0.04315; 349.0; -0.0; 3851.0
161.2; 8.674; 0.02332; 193.3; -0.0; 3911.5
164.3; 8.839; 0.00481; 211.4; -0.0; 3849.5
167.4; 9.004; -0.00899; 263.0; -0.0; 3772.0
170.5; 9.171; -0.01822; 303.9; -0.0; 3688.9
173.6; 9.338; -0.02792; 357.7; -0.0; 3382.5
176.7; 9.507; -0.03986; 4290.6; -0.0; 344.9
179.8; 9.673; -0.05014; 789.9; -0.6; -2997.0
182.9; 9.837; -0.04220; 49.5; -399.9; -3722.4
186.0; 10.002; -0.02459; 248.7; -0.0; -3833.8
189.1; 10.168; -0.01018; 219.5; -0.0; -3796.8
192.2; 10.334; -0.00131; 225.6; -0.0; -3773.6
195.3; 10.501; 0.00443; 240.9; -0.0; -3769.3
198.4; 10.669; 0.01475; 291.2; -0.0; -3577.6
201.5; 10.837; 0.03677; 4290.6; -0.0; -798.4
204.6; 11.004; 0.05642; 984.0; -0.3; 3183.2
207.7; 11.168; 0.04417; 377.7; -0.0; 3832.3
210.8; 11.333; 0.02370; 214.8; -0.0; 3878.2
213.9; 11.498; 0.00730; 206.4; -0.0; 3840.0
217.0; 11.663; -0.00431; 241.2; -0.0; 3806.1
220.1; 11.829; -0.01495; 288.6; -0.0; 3722.1
223.2; 11.996; -0.02656; 347.2; -0.0; 3421.7
226.3; 12.164; -0.03911; 4290.6; -0.0; 581.3
229.4; 12.330; -0.04988; 1145.3; -0.6; -2926.4
232.5; 12.493; -0.04274; 46.6; -418.7; -3708.1
235.6; 12.657; -0.02520; 254.6; -0.0; -3834.8
238.7; 12.822; -0.01054; 220.4; -0.0; -3799.5
241.8; 12.987; -0.00146; 224.6; -0.0; -3776.7
244.9; 13.153; 0.00434; 238.9; -0.0; -3775.7
248.0; 13.320; 0.01443; 285.9; -0.0; -3605.8
251.1; 13.488; 0.03568; 4290.6; -0.0; -1094.0
254.2; 13.654; 0.05561; 1012.6; -0.3; 3084.1
257.3; 13.818; 0.04502; 399.4; -0.0; 3822.6
260.4; 13.981; 0.02444; 219.6; -0.0; 3879.7
263.5; 14.145; 0.00772; 205.6; -0.0; 3841.4
266.6; 14.310; -0.00393; 237.8; -0.0; 3809.6
269.7; 14.475; -0.01431; 283.8; -0.0; 3737.3
272.8; 14.641; -0.02550; 335.1; -0.0; 3488.9
275.9; 14.808; -0.03794; 4290.6; -0.0; 1106.3
279.0; 14.974; -0.04957; 138.4; -0.7; -2792.8
282.1; 15.137; -0.04344; 46.0; -434.5; -3692.5
285.2; 15.301; -0.02626; 254.7; -0.1; -3838.7
288.3; 15.467; -0.01111; 220.0; -0.0; -3800.1
291.4; 15.633; -0.00183; 224.5; -0.0; -3775.6
294.5; 15.799; 0.00386; 238.1; -0.0; -3779.2
297.6; 15.966; 0.01371; 282.5; -0.0; -3628.1
300.7; 16.135; 0.03490; 4290.6; -0.0; -1281.1
303.8; 16.301; 0.05325; 1495.3; -0.4; 2914.1
306.9; 16.465; 0.04674; 448.0; -0.0; 3793.5
310.0; 16.629; 0.02671; 229.9; -0.0; 3880.5
313.1; 16.792; 0.00941; 204.6; -0.0; 3842.1
316.2; 16.957; -0.00247; 231.8; -0.0; 3809.8
319.3; 17.122; -0.01255; 274.5; -0.0; 3745.4
322.4; 17.288; -0.02313; 322.4; -0.0; 3531.5
325.5; 17.455; -0.03553; 3367.0; -0.1; 1678.1
328.6; 17.621; -0.04796; 0.9; -435.5; -2483.2
331.7; 17.785; -0.04594; 40.7; -491.7; -3637.2
334.8; 17.952; -0.02996; 262.0; -0.2; -3844.6
337.9; 18.119; -0.01362; 219.7; -0.0; -3803.0
341.0; 18.286; -0.00357; 223.6; -0.0; -3772.4
344.1; 18.454; 0.00213; 235.5; -0.0; -3778.9
347.2; 18.623; 0.01185; 278.2; -0.0; -3637.5
350.3; 18.794; 0.03357; 4290.0; -0.0; -1287.7
353.4; 18.962; 0.04910; 2287.7; -0.1; 2683.3
356.5; 19.127; 0.04859; 529.3; -0.0; 3738.6
359.6; 19.291; 0.03018; 246.2; -0.0; 3880.2
362.7; 19.455; 0.01223; 203.4; -0.0; 3847.0
365.8; 19.620; -0.00027; 225.4; -0.0; 3813.2
368.9; 19.786; -0.01061; 266.7; -0.0; 3749.2
372.0; 19.952; -0.02114; 314.4; -0.0; 3543.3
375.1; 20.120; -0.03363; 3076.4; -0.0; 1813.9
378.2; 20.286; -0.04608; 498.5; -1.1; -2330.4
381.3; 20.451; -0.04684; 37.3; -535.2; -3601.3
384.4; 20.617; -0.03144; 272.6; -0.1; -3844.1
387.5; 20.784; -0.01459; 223.2; -0.0; -3802.0
390.6; 20.951; -0.00426; 224.5; -0.0; -3766.9
393.7; 21.119; 0.00116; 231.9; -0.0; -3774.1
396.8; 21.288; 0.01025; 272.1; -0.0; -3639.4
399.9; 21.457; 0.03117; 4003.9; -0.0; -1429.1
403.0; 21.626; 0.04471; 2781.3; -0.0; 2410.7
406.1; 21.790; 0.04942; 631.7; -0.0; 3671.6
409.2; 21.954; 0.03277; 269.6; -0.0; 3875.1
412.3; 22.117; 0.01443; 205.8; -0.0; 3850.6
415.4; 22.281; 0.00145; 219.4; -0.0; 3817.0
418.5; 22.446; -0.00910; 258.0; -0.0; 3752.1
421.6; 22.612; -0.01952; 306.9; -0.0; 3548.2
424.7; 22.778; -0.03147; 2817.4; -0.0; 1942.3
427.8; 22.944; -0.04270; 1664.9; -1.6; -2103.7
430.9; 23.108; -0.04632; 31.7; -630.1; -3518.2
434.0; 23.272; -0.03299; 301.6; -1.4; -3835.6
437.1; 23.437; -0.01619; 228.7; -0.0; -3811.2
440.2; 23.602; -0.00505; 223.4; -0.0; -3774.5
443.3; 23.768; 0.00112; 229.7; -0.0; -3773.2
446.4; 23.935; 0.00979; 267.6; -0.0; -3648.1
449.5; 24.103; 0.02814; 2421.1; -0.0; -2131.3
452.6; 24.270; 0.04431; 2553.7; -1.1; 2119.8
455.7; 24.435; 0.04970; 0.4; -45.7; 3616.7
458.8; 24.599; 0.03326; 267.5; -0.0; 3872.1
461.9; 24.764; 0.01486; 205.7; -0.0; 3847.0
465.0; 24.929; 0.00196; 220.0; -0.0; 3811.8
468.1; 25.095; -0.00808; 256.4; -0.0; 3757.7
471.2; 25.262; -0.01778; 298.9; -0.0; 3596.9
474.3; 25.430; -0.03024; 1371.6; -0.0; 2584.8
477.4; 25.598; -0.04666; 1.3; -1239.8; -1722.3
480.5; 25.766; -0.05218; 33.5; -596.6; -3541.5
483.6; 25.937; -0.03696; 29.4; -9.5; -3866.7
486.7; 26.109; -0.01704; 203.5; -0.0; -3829.8
489.8; 26.282; -0.00364; 229.1; -0.0; -3763.3
492.9; 26.455; 0.00410; 255.3; -0.0; -3708.8
496.0; 26.629; 0.00919; 278.2; -0.0; -3609.4
499.1; 26.805; 0.02698; 4243.4; -0.0; -1344.4
502.2; 26.978; 0.03755; 3492.1; -0.0; 2006.7
505.3; 27.147; 0.05602; 588.9; -0.0; 3728.1
508.4; 27.314; 0.03533; 245.6; -0.0; 3893.4
511.5; 27.482; 0.00742; 386.1; -0.0; 3536.6
514.6; 27.650; -0.01049; 4290.6; -0.0; 1425.6
517.7; 27.816; -0.00329; 4290.6; -0.0; 82.0
520.8; 27.978; -0.00529; 4290.6; -0.0; -348.2
523.9; 28.135; -0.01272; 4290.6; -0.0; -949.2
527.0; 28.289; -0.01909; 4290.6; -0.0; -1549.5
530.1; 28.439; -0.01663; 4290.6; -0.0; -1599.0
533.2; 28.586; -0.01574; 4290.6; -0.0; -1608.3
536.3; 28.730; -0.02389; 3119.3; -0.0; -2262.5
539.4; 28.872; -0.03027; 1683.9; -0.0; -3055.0
542.5; 29.012; -0.02654; 974.4; -0.0; -3443.8
545.6; 29.151; -0.01834; 728.8; -0.0; -3548.2
548.7; 29.291; -0.01225; 651.0; -0.0; -3562.1
551.8; 29.430; -0.00932; 641.5; -0.0; -3551.1
554.9; 29.570; -0.00859; 666.8; -0.0; -3530.0
558.0; 29.710; -0.00904; 713.2; -0.0; -3501.6
561.1; 29.850; -0.01003; 773.5; -0.0; -3467.6
564.2; 29.990; -0.01121; 842.1; -0.0; -3430.2
567.3; 30.131; -0.01242; 912.1; -0.0; -3393.3
570.4; 30.271; -0.01356; 973.1; -0.0; -3362.9
573.5; 30.411; -0.01455; 1013.4; -0.0; -3345.3
576.6; 30.551; -0.01528; 1024.8; -0.0; -3343.9
579.7; 30.691; -0.01568; 1008.2; -0.0; -3357.5
582.8; 30.830; -0.01568; 972.5; -0.0; -3380.4
585.9; 30.970; -0.01532; 930.1; -0.0; -3405.1
589.0; 31.109; -0.01473; 892.2; -0.0; -3425.6
592.1; 31.249; -0.01405; 865.6; -0.0; -3438.4
595.2; 31.388; -0.01348; 851.8; -0.0; -3443.7
598.3; 31.527; -0.01310; 849.8; -0.0; -3442.6
601.4; 31.666; -0.01293; 857.1; -0.0; -3437.0
604.5; 31.806; -0.01300; 866.6; -0.0; -3431.8
607.6; 31.945; -0.01320; 872.8; -0.0; -3429.6
610.7; 32.084; -0.01338; 872.6; -0.0; -3431.3
613.8; 32.223; -0.01345; 866.8; -0.0; -3435.7
616.9; 32.362; -0.01339; 858.5; -0.0; -3440.7
620.0; 32.501; -0.01325; 850.8; -0.0; -3444.8
623.1; 32.640; -0.01309; 845.6; -0.0; -3447.1
626.2; 32.779; -0.01295; 843.5; -0.0; -3447.6
629.3; 32.918; -0.01289; 843.4; -0.0; -3447.3
632.4; 33.057; -0.01289; 843.2; -0.0; -3447.6
635.5; 33.196; -0.01290; 842.5; -0.0; -3448.2
638.6; 33.335; -0.01288; 842.1; -0.0; -3448.4
641.7; 33.474; -0.01285; 843.2; -0.0; -3447.4
644.8; 33.613; -0.01282; 846.7; -0.0; -3444.9
647.9; 33.752; -0.01284; 852.3; -0.0; -3441.4
651.0; 33.891; -0.01293; 857.2; -0.0; -3439.0
654.1; 34.030; -0.01304; 859.5; -0.0; -3438.5
657.2; 34.169; -0.01313; 857.2; -0.0; -3440.8
660.3; 34.308; -0.01315; 851.3; -0.0; -3444.9
663.4; 34.447; -0.01308; 844.0; -0.0; -3449.1
666.5; 34.586; -0.01295; 837.3; -0.0; -3452.6
669.6; 34.725; -0.01281; 832.8; -0.0; -3454.6
672.7; 34.864; -0.01269; 831.8; -0.0; -3454.3
675.8; 35.003; -0.01264; 833.1; -0.0; -3453.2
678.9; 35.141; -0.01264; 835.8; -0.0; -3451.5
682.0; 35.280; -0.01268; 839.1; -0.0; -3449.5
685.1; 35.419; -0.01274; 841.9; -0.0; -3448.2
688.2; 35.558; -0.01280; 843.1; -0.0; -3447.9
691.3; 35.697; -0.01286; 841.9; -0.0; -3449.2
694.4; 35.836; -0.01289; 837.3; -0.0; -3452.5
697.5; 35.975; -0.01283; 832.8; -0.0; -3454.9
700.6; 36.114; -0.01264; 835.6; -0.0; -3451.3
703.7; 36.253; -0.01244; 853.5; -0.0; -3437.7
706.8; 36.392; -0.01243; 889.0; -0.0; -3414.5
709.9; 36.530; -0.01273; 938.8; -0.0; -3385.1
713.0; 36.669; -0.01339; 987.9; -0.0; -3359.9
716.1; 36.808; -0.01441; 1001.6; -0.0; -3360.2
719.2; 36.947; -0.01535; 954.3; -0.0; -3398.1
722.3; 37.085; -0.01567; 849.9; -0.0; -3468.7
725.4; 37.224; -0.01497; 717.7; -0.0; -3553.6
728.5; 37.362; -0.01312; 589.3; -0.0; -3632.9
731.6; 37.501; -0.01023; 484.5; -0.0; -3692.4
734.7; 37.640; -0.00654; 414.0; -0.0; -3722.1
737.8; 37.780; -0.00235; 390.0; -0.1; -3706.5
740.9; 37.919; 0.00201; 460.3; -0.1; -3599.2
744.0; 38.059; 0.00620; 36.6; -316.4; -3299.8
747.1; 38.200; 0.00970; 15.1; -1318.6; -2684.8
750.2; 38.341; 0.01108; 7.1; -2812.8; -1604.5
753.3; 38.485; 0.00924; 0.0; -4290.6; -520.4
756.4; 38.632; 0.00846; 0.0; -4290.6; 279.0
759.5; 38.784; 0.00593; 0.0; -4290.6; 567.8
762.6; 38.940; 0.00362; 0.0; -4290.6; 549.2
765.7; 39.101; -0.00540; 0.0; -4290.6; -141.3
768.8; 39.268; -0.02435; 7.0; -2851.1; -1671.3
771.9; 39.439; -0.04898; 26.9; -744.7; -3380.7
775.0; 39.614; -0.04530; 91.3; -219.0; -3935.0
778.1; 39.791; -0.01782; 210.8; -0.0; -3793.7
781.2; 39.969; 0.03197; 3347.4; -1.0; -391.7
784.3; 40.145; 0.06346; 27.4; -728.8; 3455.7
787.4; 40.319; 0.04492; 256.8; -0.0; 3884.8
790.5; 40.496; 0.02596; 170.7; -0.0; 3950.8
793.6; 40.672; 0.00291; 250.0; -0.0; 3833.6
796.7; 40.850; -0.01527; 326.7; -0.0; 3652.3
799.8; 41.029; -0.02244; 346.3; -0.0; 3449.2
802.9; 41.208; -0.02743; 4290.6; -0.0; 1320.6
806.0; 41.386; -0.02660; 4290.6; -0.0; -1359.2
809.1; 41.558; -0.03657; 2502.8; -0.0; -2517.4
812.2; 41.726; -0.04596; 856.0; -0.0; -3485.0
815.3; 41.893; -0.03780; 351.2; -0.0; -3810.9
818.4; 42.060; -0.02253; 221.0; -0.0; -3850.6
821.5; 42.227; -0.00862; 210.2; -0.0; -3814.8
824.6; 42.395; 0.00305; 244.0; -0.0; -3723.1
827.7; 42.564; 0.01779; 515.4; -0.0; -3208.0
830.8; 42.734; 0.04075; 4290.6; -0.0; 972.0
833.9; 42.902; 0.05487; 854.6; -0.3; 3473.4
837.0; 43.067; 0.03919; 332.0; -0.0; 3839.7
840.1; 43.232; 0.02084; 209.0; -0.0; 3867.4
843.2; 43.398; 0.00602; 209.5; -0.0; 3833.9
846.3; 43.564; -0.00539; 247.5; -0.0; 3788.5
849.4; 43.732; -0.01642; 294.9; -0.0; 3656.5
852.5; 43.900; -0.02851; 540.0; -0.0; 3097.8
855.6; 44.069; -0.04099; 4290.6; -0.1; -896.4
858.7; 44.236; -0.05013; 319.3; -0.5; -3285.3
861.8; 44.400; -0.03998; 246.2; -1.8; -3796.2
864.9; 44.565; -0.02250; 235.8; -0.0; -3837.6
868.0; 44.731; -0.00866; 216.1; -0.0; -3800.2
871.1; 44.897; 0.00043; 229.8; -0.0; -3768.3
874.2; 45.064; 0.00713; 252.7; -0.0; -3721.8
877.3; 45.232; 0.01835; 375.0; -0.0; -3363.0
880.4; 45.401; 0.04030; 4290.6; -0.0; 440.6
883.5; 45.568; 0.05485; 0.3; -749.2; 3413.4
886.6; 45.733; 0.03831; 313.7; -0.0; 3842.7
889.7; 45.899; 0.02009; 204.9; -0.0; 3864.7
892.8; 46.066; 0.00555; 211.8; -0.0; 3830.9
895.9; 46.234; -0.00554; 251.4; -0.0; 3791.8
899.0; 46.402; -0.01654; 300.3; -0.0; 3674.4
902.1; 46.572; -0.02902; 443.4; -0.0; 3191.1
905.2; 46.742; -0.04243; 4290.6; -0.0; -704.3
908.3; 46.911; -0.05228; 1212.0; -0.4; -3289.0
911.4; 47.076; -0.04183; 393.1; -0.1; -3802.5
914.5; 47.241; -0.02369; 237.8; -0.0; -3841.9
917.6; 47.407; -0.00931; 215.0; -0.0; -3804.6
920.7; 47.573; 0.00009; 228.5; -0.0; -3774.3
923.8; 47.740; 0.00713; 252.6; -0.0; -3730.6
926.9; 47.908; 0.01851; 352.8; -0.0; -3397.6
930.0; 48.077; 0.04024; 4290.6; -0.0; 278.2
933.1; 48.244; 0.05566; 199.2; -0.3; 3394.1
936.2; 48.409; 0.03998; 332.6; -0.0; 3842.0
939.3; 48.574; 0.02105; 207.6; -0.0; 3870.2
942.4; 48.740; 0.00594; 209.6; -0.0; 3835.8
945.5; 48.906; -0.00544; 248.3; -0.0; 3796.7
948.6; 49.073; -0.01647; 297.3; -0.0; 3685.1
951.7; 49.242; -0.02875; 411.7; -0.0; 3244.8
954.8; 49.411; -0.04189; 4290.6; -0.0; -463.2
957.9; 49.578; -0.05183; 1204.2; -0.5; -3234.2
961.0; 49.742; -0.04205; 409.8; -0.2; -3795.0
964.1; 49.906; -0.02387; 243.6; -0.0; -3841.3
967.2; 50.071; -0.00936; 216.8; -0.0; -3803.8
970.3; 50.236; -0.00004; 227.2; -0.0; -3775.1
973.4; 50.402; 0.00661; 248.2; -0.0; -3742.9
976.5; 50.569; 0.01759; 327.9; -0.0; -3456.0
979.6; 50.737; 0.03915; 4290.6; -0.0; -46.7
982.7; 50.902; 0.05552; 138.3; -0.3; 3333.8
985.8; 51.066; 0.04064; 344.5; -0.0; 3839.8
988.9; 51.231; 0.02134; 210.4; -0.0; 3871.7
992.0; 51.396; 0.00598; 208.8; -0.0; 3836.3
995.1; 51.561; -0.00533; 245.5; -0.0; 3799.5
998.2; 51.728; -0.01606; 293.2; -0.0; 3698.8
1001.3; 51.895; -0.02794; 378.8; -0.0; 3316.2
1004.4; 52.063; -0.04070; 4290.6; -0.0; -84.4
1007.5; 52.229; -0.05070; 699.7; -0.5; -3125.9
1010.6; 52.393; -0.04154; 1.5; -27.1; -3761.0
1013.7; 52.557; -0.02364; 244.3; -0.0; -3836.6
1016.8; 52.722; -0.00935; 218.2; -0.0; -3799.1
1019.9; 52.888; -0.00038; 226.9; -0.0; -3773.4
1023.0; 53.054; 0.00575; 245.1; -0.0; -3754.7
1026.1; 53.221; 0.01636; 307.3; -0.0; -3514.0
1029.2; 53.389; 0.03813; 4290.6; -0.0; -376.3
1032.3; 53.555; 0.05593; 225.3; -0.3; 3274.0
1035.4; 53.720; 0.04200; 354.4; -0.0; 3837.6
1038.5; 53.884; 0.02225; 211.6; -0.0; 3873.3
1041.6; 54.049; 0.00655; 208.0; -0.0; 3836.7
1044.7; 54.215; -0.00480; 243.9; -0.0; 3801.8
1047.8; 54.382; -0.01544; 291.4; -0.0; 3710.0
1050.9; 54.549; -0.02717; 359.9; -0.0; 3369.6
1054.0; 54.718; -0.03987; 4290.6; -0.0; 221.3
1057.1; 54.884; -0.05024; 690.9; -0.6; -3031.4
1060.2; 55.048; -0.04190; 41.3; -379.1; -3730.0
1063.3; 55.213; -0.02422; 246.1; -0.0; -3833.9
1066.4; 55.379; -0.00992; 218.8; -0.0; -3796.9
1069.5; 55.545; -0.00106; 226.1; -0.0; -3773.2
1072.6; 55.712; 0.00480; 242.6; -0.0; -3764.4
1075.7; 55.879; 0.01526; 295.9; -0.0; -3556.8
1078.8; 56.048; 0.03732; 4290.6; -0.0; -638.4
1081.9; 56.215; 0.05645; 734.0; -0.3; 3222.9
1085.0; 56.380; 0.04352; 367.5; -0.0; 3835.0
1088.1; 56.545; 0.02328; 212.9; -0.0; 3876.5
1091.2; 56.710; 0.00713; 206.9; -0.0; 3839.0
1094.3; 56.875; -0.00441; 242.5; -0.0; 3805.0
1097.4; 57.042; -0.01510; 290.4; -0.0; 3718.9
1100.5; 57.210; -0.02684; 350.9; -0.0; 3406.6
1103.6; 57.378; -0.03957; 4290.6; -0.0; 455.8
1106.7; 57.545; -0.05034; 1229.6; -0.6; -2971.6
1109.8; 57.709; -0.04287; 1.2; -250.8; -3721.7
1112.9; 57.873; -0.02515; 253.1; -0.0; -3835.4
1116.0; 58.037; -0.01050; 219.8; -0.0; -3799.9
1119.1; 58.203; -0.00140; 224.7; -0.0; -3777.0
1122.2; 58.369; 0.00451; 240.0; -0.0; -3773.6
1125.3; 58.536; 0.01469; 287.9; -0.0; -3596.8
1128.4; 58.704; 0.03593; 4290.6; -0.0; -1023.0
1131.5; 58.870; 0.05562; 966.3; -0.3; 3100.9
1134.6; 59.034; 0.04481; 397.2; -0.0; 3822.1
1137.7; 59.198; 0.02438; 219.6; -0.0; 3878.2
1140.8; 59.362; 0.00780; 205.7; -0.0; 3840.6
1143.9; 59.527; -0.00380; 237.7; -0.0; 3809.0
1147.0; 59.692; -0.01416; 283.5; -0.0; 3736.8
1150.1; 59.859; -0.02530; 334.6; -0.0; 3488.8
1153.2; 60.026; -0.03741; 4169.6; -3.0; 1159.6
1156.3; 60.192; -0.04843; 0.8; -321.8; -2710.9
1159.4; 60.356; -0.04345; 42.9; -466.4; -3653.1
1162.5; 60.521; -0.02779; 156.8; -120.8; -3838.5
1165.6; 60.687; -0.01211; 208.2; -0.0; -3826.5
1168.7; 60.854; -0.00080; 226.3; -0.0; -3788.8
1171.8; 61.022; 0.00762; 257.0; -0.0; -3739.2
1174.9; 61.191; 0.01578; 293.9; -0.0; -3586.7
1178.0; 61.361; 0.03115; 3292.8; -0.0; -1736.9
1181.1; 61.530; 0.05160; 401.3; -0.5; 2668.0
1184.2; 61.697; 0.05058; 450.0; -0.1; 3794.8
1187.3; 61.864; 0.02984; 217.5; -0.0; 3894.9
1190.4; 62.032; 0.01098; 202.0; -0.0; 3845.7
1193.5; 62.201; -0.00156; 237.3; -0.0; 3812.9
1196.6; 62.370; -0.01248; 286.7; -0.0; 3745.6
1199.7; 62.540; -0.02436; 337.4; -0.0; 3514.5
1202.8; 62.711; -0.03728; 4290.6; -0.0; 1267.4
1205.9; 62.880; -0.04861; 1446.9; -0.8; -2656.6
1209.0; 63.046; -0.04561; 41.7; -478.9; -3648.7
1212.1; 63.212; -0.02999; 251.1; -0.2; -3857.0
1215.2; 63.379; -0.01384; 205.1; -0.0; -3836.3
1218.3; 63.546; -0.00183; 224.1; -0.0; -3799.0
1221.4; 63.714; 0.00747; 259.0; -0.0; -3746.5
1224.5; 63.883; 0.01663; 299.1; -0.0; -3584.4
1227.6; 64.054; 0.03297; 3702.2; -0.0; -1548.2
1230.7; 64.223; 0.05304; 783.6; -0.4; 2802.5
1233.8; 64.389; 0.05003; 412.9; -0.1; 3824.5
1236.9; 64.556; 0.02699; 236.1; -0.0; 3851.3
1240.0; 64.724; 0.00928; 232.6; -0.0; 3754.5
1243.1; 64.891; 0.00218; 235.9; -0.0; 3727.4
1246.2; 65.060; 0.00027; 228.9; -0.0; 3763.5
1249.3; 65.229; -0.00752; 267.4; -0.0; 3631.5
1252.4; 65.400; -0.03018; 4290.6; -0.0; 1091.7
1255.5; 65.568; -0.05220; 1917.7; -0.0; -2894.1
1258.6; 65.734; -0.04772; 461.7; -0.0; -3782.2
1261.7; 65.899; -0.02213; 425.8; -0.0; -3632.0
1264.8; 66.064; 0.00221; 2938.9; -0.0; -2101.1
1267.9; 66.228; -0.01050; 4290.6; -0.0; -1227.5
1271.0; 66.388; 0.00148; 4290.6; -0.0; -143.3
1274.1; 66.545; 0.00444; 4290.6; -0.0; 274.9
1277.2; 66.698; -0.00538; 4290.6; -0.0; -316.6
1280.3; 66.847; -0.01721; 4290.6; -0.0; -1303.2
1283.4; 66.993; -0.01720; 4290.6; -0.0; -1616.1
1286.5; 67.136; -0.01673; 4045.2; -0.0; -1753.4
1289.6; 67.277; -0.02696; 2512.7; -0.0; -2607.9
1292.7; 67.415; -0.02959; 1298.4; -0.0; -3283.9
1295.8; 67.552; -0.02273; 803.1; -0.0; -3544.3
1298.9; 67.690; -0.01416; 638.2; -0.0; -3598.1
1302.0; 67.827; -0.00875; 587.5; -0.0; -3599.1
1305.1; 67.964; -0.00645; 584.6; -0.0; -3587.7
1308.2; 68.102; -0.00609; 605.7; -0.0; -3571.1
1311.3; 68.240; -0.00668; 639.9; -0.0; -3550.9
1314.4; 68.378; -0.00768; 681.1; -0.0; -3528.2
1317.5; 68.516; -0.00878; 725.2; -0.0; -3504.5
1320.6; 68.655; -0.00984; 768.7; -0.0; -3481.6
1323.7; 68.793; -0.01082; 808.1; -0.0; -3461.4
1326.8; 68.932; -0.01166; 839.4; -0.0; -3446.2
1329.9; 69.070; -0.01234; 859.3; -0.0; -3437.7
1333.0; 69.209; -0.01282; 866.2; -0.0; -3436.4
1336.1; 69.348; -0.01308; 861.3; -0.0; -3441.4
1339.2; 69.486; -0.01312; 848.1; -0.0; -3450.2
1342.3; 69.624; -0.01296; 832.0; -0.0; -3459.5
1345.4; 69.763; -0.01267; 818.0; -0.0; -3466.5
1348.5; 69.901; -0.01237; 809.1; -0.0; -3470.1
1351.6; 70.040; -0.01214; 806.1; -0.0; -3470.3
1354.7; 70.178; -0.01201; 808.8; -0.0; -3467.5
1357.8; 70.317; -0.01202; 814.7; -0.0; -3463.6
1360.9; 70.455; -0.01214; 820.0; -0.0; -3461.0
1364.0; 70.594; -0.01229; 822.5; -0.0; -3460.4
1367.1; 70.733; -0.01239; 822.1; -0.0; -3461.3
1370.2; 70.871; -0.01241; 820.2; -0.0; -3462.5
1373.3; 71.010; -0.01239; 818.1; -0.0; -3463.6
1376.4; 71.148; -0.01234; 817.0; -0.0; -3463.7
1379.5; 71.287; -0.01230; 817.8; -0.0; -3462.8
1382.6; 71.426; -0.01231; 819.1; -0.0; -3462.0
1385.7; 71.564; -0.01234; 820.3; -0.0; -3461.4
1388.8; 71.703; -0.01238; 821.1; -0.0; -3460.9
1391.9; 71.842; -0.01240; 821.9; -0.0; -3460.5
1395.0; 71.981; -0.01240; 823.9; -0.0; -3459.0
1398.1; 72.119; -0.01240; 828.1; -0.0; -3456.0
1401.2; 72.258; -0.01245; 833.3; -0.0; -3452.9
1404.3; 72.397; -0.01254; 838.1; -0.0; -3450.4
1407.4; 72.536; -0.01264; 841.5; -0.0; -3448.9
1410.5; 72.674; -0.01275; 841.4; -0.0; -3449.8
1413.6; 72.813; -0.01280; 838.1; -0.0; -3452.4
1416.7; 72.952; -0.01278; 832.9; -0.0; -3455.6
1419.8; 73.090; -0.01270; 827.1; -0.0; -3458.8
1422.9; 73.229; -0.01260; 822.6; -0.0; -3461.0
1426.0; 73.368; -0.01248; 820.9; -0.0; -3461.1
1429.1; 73.507; -0.01243; 821.3; -0.0; -3460.4
1432.2; 73.646; -0.01242; 822.7; -0.0; -3459.4
1435.3; 73.785; -0.01244; 825.4; -0.0; -3457.7
1438.4; 73.923; -0.01245; 830.5; -0.0; -3454.2
1441.5; 74.062; -0.01250; 837.3; -0.0; -3450.1
1444.6; 74.201; -0.01262; 843.6; -0.0; -3446.8
1447.7; 74.340; -0.01275; 847.5; -0.0; -3445.3
1450.8; 74.479; -0.01287; 847.5; -0.0; -3446.2
1453.9; 74.617; -0.01296; 841.3; -0.0; -3451.1
1457.0; 74.756; -0.01294; 831.1; -0.0; -3457.6
1460.1; 74.895; -0.01274; 823.3; -0.0; -3461.1
1463.2; 75.034; -0.01244; 826.9; -0.0; -3456.0
1466.3; 75.172; -0.01220; 849.0; -0.0; -3439.2
1469.4; 75.311; -0.01223; 890.9; -0.0; -3412.2
1472.5; 75.450; -0.01265; 945.9; -0.0; -3380.6
1475.6; 75.589; -0.01350; 990.7; -0.0; -3359.8
1478.7; 75.728; -0.01463; 988.3; -0.0; -3371.1
1481.8; 75.866; -0.01549; 920.7; -0.0; -3421.2
1484.9; 76.005; -0.01546; 806.9; -0.0; -3496.0
1488.0; 76.144; -0.01418; 688.4; -0.0; -3567.8
1491.1; 76.282; -0.01159; 608.5; -0.0; -3604.4
1494.2; 76.421; -0.00788; 622.5; -0.0; -3560.2
1497.3; 76.560; -0.00350; 919.3; -0.1; -3313.9
1500.4; 76.699; 0.00118; 33.2; -392.7; -2690.7
1503.5; 76.838; 0.00503; 7.5; -2624.7; -1788.4
