0.0, 0.0, 4.0, 4.0
-0.02560427113115793, 0.11148173587525685, 4.0, 4.0
-0.05120854226231586, 0.2229634717505137, 4.0, 4.0
-0.07681281339347784, 0.33444520762577057, 4.0, 4.0
-0.10241708452463984, 0.4459269435010274, 4.0, 4.0
-0.12802135565580183, 0.5574086793762822, 4.0, 4.0
-0.15362562678696381, 0.668890415251537, 4.0, 4.0
-0.17922989791812174, 0.7803721511267939, 4.0, 4.0
-0.20483416904927967, 0.8918538870020508, 4.0, 4.0
-0.2304384401804376, 1.0033356228773056, 4.0, 4.0
-0.2560427113115955, 1.1148173587525605, 4.0, 4.0
-0.2816469824427575, 1.2262990946278174, 4.0, 4.0
-0.3072512535739195, 1.337780830503074, 4.0, 4.0
-0.3328555247050815, 1.449262566378329, 4.0, 4.0
-0.3584597958362435, 1.5607443022535838, 4.0, 4.0
-0.3840640669674014, 1.6722260381288407, 4.0, 4.0
-0.40966833809855935, 1.7837077740040974, 4.0, 4.0
-0.4352726092297173, 1.8951895098793523, 4.0, 4.0
-0.4608768803608752, 2.006671245754607, 4.0, 4.0
-0.4864811514920372, 2.118152981629862, 4.0, 4.0
-0.5120854226231991, 2.229634717505117, 4.0, 4.0
-0.5376896937543612, 2.3411164533803737, 4.0, 4.0
-0.5632939648855232, 2.4525981892556303, 4.0, 4.0
-0.5888982360166811, 2.5640799251308852, 4.0, 4.0
-0.614502507147839, 2.67556166100614, 4.0, 4.0
-0.640106778278997, 2.7870433968813972, 4.0, 4.0
-0.6657110494101549, 2.898525132756654, 4.0, 4.0
-0.6913153205413168, 3.010006868631909, 4.0, 4.0
-0.7169195916724789, 3.1214886045071637, 4.0, 4.0
-0.7425238628036408, 3.2329703403824204, 4.0, 4.0
-0.7681281339348028, 3.344452076257677, 4.0, 4.0
-0.7937324050659608, 3.455933812132932, 4.0, 4.0
-0.8193366761971187, 3.567415548008187, 4.0, 4.0
-0.8449409473282766, 3.6788972838834417, 4.0, 4.0
-0.8705452184594346, 3.7903790197586966, 4.0, 4.0
-0.8961494895905965, 3.9018607556339533, 4.0, 4.0
-0.9217537607217585, 4.01334249150921, 4.0, 4.0
-0.9473580318529204, 4.124824227384465, 4.0, 4.0
-0.9729623029840825, 4.23630596325972, 4.0, 4.0
-0.9985665741152404, 4.347787699134977, 4.0, 4.0
-1.0241708452463982, 4.459269435010234, 4.0, 4.0
-1.0497751163775562, 4.570751170885488, 4.0, 4.0
-1.075379387508714, 4.682232906760743, 4.0, 4.0
-1.1009836586398762, 4.793714642635998, 4.0, 4.0
-1.1265879297710382, 4.905196378511253, 4.0, 4.0
-1.1521922009022, 5.016678114386512, 4.0, 4.0
-1.1777964720333622, 5.1281598502617705, 4.0, 4.0
-1.2034007431645202, 5.239641586137026, 4.0, 4.0
-1.229005014295678, 5.35112332201228, 4.0, 4.0
-1.2815255906913672, 5.452386145016776, 4.0, 4.0
-1.3340461670870565, 5.553648968021272, 4.0, 4.0
-1.4033297533964668, 5.643888842842098, 4.0, 4.0
-1.4726133397058772, 5.734128717662924, 4.0, 4.0
-1.5517920410141284, 5.815519458654884, 4.0, 4.0
-1.6309707423223796, 5.896910199646843, 4.0, 4.0
-1.7159845737653092, 5.971969739197061, 4.0, 4.0
-1.800998405208239, 6.04702927874728, 4.0, 4.0
-1.889521761774566, 6.117770243814196, 4.0, 4.0
-1.9780451183408931, 6.188511208881112, 4.0, 4.0
-2.068730967625823, 6.256361237868954, 4.0, 4.0
-2.159416816910753, 6.324211266856796, 4.0, 4.0
-2.251465526634677, 6.390136634350853, 4.0, 4.0
-2.343514236358601, 6.456062001844908, 4.0, 4.0
-2.4364386794501303, 6.520704737453858, 4.0, 4.0
-2.529363122541659, 6.585347473062808, 4.0, 4.0
-2.6228596149200314, 6.6491317283306195, 4.0, 4.0
-2.7163561072984033, 6.712915983598431, 4.0, 4.0
-2.8102315899187915, 6.776122115737377, 4.0, 4.0
-2.90410707253918, 6.839328247876324, 4.0, 4.0
-2.998236780513427, 6.90214227064482, 4.0, 4.0
-3.092366488487674, 6.964956293413317, 4.0, 4.0
-3.1866686547071397, 7.027502314372847, 4.0, 4.0
-3.2809708209266057, 7.090048335332377, 4.0, 4.0
-3.3753911979346833, 7.152409705451954, 4.0, 4.0
-3.469811574942761, 7.214771075571531, 4.0, 4.0
-3.5643137758947763, 7.277004176004749, 4.0, 4.0
-3.6588159768467916, 7.339237276437967, 4.0, 4.0
-3.75337534800056, 7.401380531917067, 4.0, 4.0
-3.847934719154328, 7.463523787396167, 4.0, 4.0
-3.9425343982626777, 7.525603586653464, 4.0, 4.0
-4.037134077371028, 7.58768338591076, 4.0, 4.0
-4.131762427475386, 7.649717992853721, 4.0, 4.0
-4.226390777579744, 7.711752599796682, 4.0, 4.0
-4.321039698320216, 7.773754753780695, 4.0, 4.0
-4.415688619060688, 7.835756907764708, 4.0, 4.0
-4.51033753980116, 7.8977590617487206, 4.0, 4.0
-4.604986460541633, 7.959761215732734, 4.0, 4.0
-4.699635381282104, 8.021763369716746, 4.0, 4.0
-4.794284302022577, 8.08376552370076, 4.0, 4.0
-4.8889332227630495, 8.145767677684773, 4.0, 4.0
-4.983582143503521, 8.207769831668786, 4.0, 4.0
-5.078231064243994, 8.269771985652802, 4.0, 4.0
-5.1728799849844656, 8.33177413963682, 4.0, 4.0
-5.267528905724938, 8.393776293620833, 4.0, 4.0
-5.36217782646541, 8.455778447604846, 4.0, 4.0
-5.4568267472058825, 8.517780601588859, 4.0, 4.0
-5.551475667946355, 8.579782755572872, 4.0, 4.0
-5.646124588686831, 8.641784909556884, 4.0, 4.0
-5.740773509427307, 8.703787063540899, 4.0, 4.0
-5.835422430167779, 8.765789217524912, 4.0, 4.0
-5.930071350908252, 8.827791371508924, 4.0, 4.0
-6.024720271648723, 8.889793525492937, 4.0, 4.0
-6.119369192389196, 8.95179567947695, 4.0, 4.0
-6.214018113129669, 9.013797833460968, 4.0, 4.0
-6.30866703387014, 9.075799987444984, 4.0, 4.0
-6.403315954610613, 9.137802141428997, 4.0, 4.0
-6.497964875351085, 9.19980429541301, 4.0, 4.0
-6.592613796091557, 9.261806449397023, 4.0, 4.0
-6.687262716832029, 9.323808603381037, 4.0, 4.0
-6.7819116375725015, 9.38581075736505, 4.0, 4.0
-6.876560558312974, 9.447812911349063, 4.0, 4.0
-6.97120947905345, 9.509815065333076, 4.0, 4.0
-7.065858399793926, 9.571817219317088, 4.0, 4.0
-7.160507320534398, 9.633819373301101, 4.0, 4.0
-7.255156241274871, 9.695821527285114, 4.0, 4.0
-7.349805162015343, 9.757823681269132, 4.0, 4.0
-7.444454082755815, 9.819825835253148, 4.0, 4.0
-7.539103003496288, 9.881827989237161, 4.0, 4.0
-7.633751924236759, 9.943830143221176, 4.0, 4.0
-7.728400844977232, 10.005832297205188, 4.0, 4.0
-7.823049765717704, 10.067834451189201, 4.0, 4.0
-7.917698686458176, 10.129836605173214, 4.0, 4.0
-8.012347607198649, 10.191838759157227, 4.0, 4.0
-8.10699652793912, 10.25384091314124, 4.0, 4.0
-8.201645448679592, 10.315843067125252, 4.0, 4.0
-8.296294369420066, 10.37784522110927, 4.0, 4.0
-8.390943290160537, 10.439847375093287, 4.0, 4.0
-8.48559221090101, 10.5018495290773, 4.0, 4.0
-8.58024113164148, 10.563851683061314, 4.0, 4.0
-8.674890052381954, 10.625853837045327, 4.0, 4.0
-8.769538973122426, 10.68785599102934, 4.0, 4.0
-8.864187893862903, 10.749858145013352, 4.0, 4.0
-8.958836814603378, 10.811860298997365, 4.0, 4.0
-9.05348573534385, 10.873862452981378, 4.0, 4.0
-9.148134656084324, 10.93586460696539, 4.0, 4.0
-9.242783576824795, 10.997866760949405, 4.0, 4.0
-9.337432497565267, 11.059868914933418, 4.0, 4.0
-9.43208141830574, 11.121871068917434, 4.0, 4.0
-9.526730339046212, 11.183873222901452, 4.0, 4.0
-9.621379259786684, 11.245875376885465, 4.0, 4.0
-9.716028180527156, 11.307877530869478, 4.0, 4.0
-9.810677101267629, 11.36987968485349, 4.0, 4.0
-9.9053260220081, 11.431881838837503, 4.0, 4.0
-9.999974942748572, 11.493883992821516, 4.0, 4.0
-10.094623863489046, 11.555886146805529, 4.0, 4.0
-10.189272784229518, 11.617888300789541, 4.0, 4.0
-10.28392170496999, 11.679890454773556, 4.0, 4.0
-10.378570625710466, 11.741892608757569, 4.0, 4.0
-10.473219546450942, 11.803894762741582, 4.0, 4.0
-10.567868467191415, 11.865896916725598, 4.0, 4.0
-10.662517387931887, 11.927899070709616, 4.0, 4.0
-10.757166308672359, 11.989901224693629, 4.0, 4.0
-10.85181522941283, 12.051903378677641, 4.0, 4.0
-10.946464150153304, 12.113905532661654, 4.0, 4.0
-11.041113070893775, 12.175907686645667, 4.0, 4.0
-11.135761991634247, 12.23790984062968, 4.0, 4.0
-11.23041091237472, 12.299911994613694, 4.0, 4.0
-11.325059833115192, 12.361914148597707, 4.0, 4.0
-11.419708753855664, 12.42391630258172, 4.0, 4.0
-11.514357674596136, 12.485918456565736, 4.0, 4.0
-11.60900659533661, 12.547920610549754, 4.0, 4.0
-11.703655516077081, 12.609922764533767, 4.0, 4.0
-11.798304436817553, 12.67192491851778, 4.0, 4.0
-11.892953357558024, 12.733927072501793, 4.0, 4.0
-11.987602278298498, 12.795929226485805, 4.0, 4.0
-12.08225119903897, 12.857931380469823, 4.0, 4.0
-12.176900119779441, 12.91993353445384, 4.0, 4.0
-12.271549040519918, 12.981935688437853, 4.0, 4.0
-12.366197961260394, 13.043937842421865, 4.0, 4.0
-12.460846882000867, 13.10593999640588, 4.0, 4.0
-12.555495802741339, 13.167942150389893, 4.0, 4.0
-12.65014472348181, 13.229944304373905, 4.0, 4.0
-12.744793644222284, 13.291946458357918, 4.0, 4.0
-12.839442564962756, 13.353948612341934, 4.0, 4.0
-12.934091485703227, 13.415950766325953, 4.0, 4.0
-13.0287404064437, 13.477952920309965, 4.0, 4.0
-13.123389327184173, 13.539955074293978, 4.0, 4.0
-13.218038247924644, 13.60195722827799, 4.0, 4.0
-13.312687168665116, 13.663959382262004, 4.0, 4.0
-13.403315594900167, 13.731888687501797, 4.0, 4.0
-13.493944021135217, 13.79981799274159, 4.0, 4.0
-13.580484210845094, 13.873051982367379, 4.0, 4.0
-13.667024400554972, 13.946285971993168, 4.0, 4.0
-13.749455199817334, 14.024267322345105, 4.0, 4.0
-13.831885999079693, 14.102248672697044, 4.0, 4.0
-13.910218872018918, 14.184481212200689, 4.0, 4.0
-13.98855174495814, 14.266713751704335, 4.0, 4.0
-14.062819739801455, 14.352757306020099, 4.0, 4.0
-14.137087734644767, 14.438800860335862, 4.0, 4.0
-14.207336916989163, 14.528265611559714, 4.0, 4.0
-14.277586099333558, 14.617730362783568, 4.0, 4.0
-14.343868991590186, 14.710271161681902, 4.0, 4.0
-14.410151883846813, 14.802811960580234, 4.0, 4.0
-14.472522495215038, 14.898122856989243, 4.0, 4.0
-14.534893106583263, 14.993433753398254, 4.0, 4.0
-14.619836862501536, 15.068575270031097, 4.0, 4.0
-14.704780618419809, 15.14371678666394, 4.0, 4.0
-14.803799344752656, 15.198208329181206, 4.0, 4.0
-14.902818071085505, 15.252699871698471, 4.0, 4.0
-15.009477905935057, 15.289367475851154, 4.0, 4.0
-15.116137740784609, 15.326035080003837, 4.0, 4.0
-15.226500660516539, 15.348699014496994, 4.0, 4.0
-15.336863580248469, 15.37136294899015, 4.0, 4.0
-15.448817002684006, 15.38353213801475, 4.0, 4.0
-15.560770425119545, 15.395701327039351, 4.0, 4.0
-15.67327616621387, 15.400164442250428, 4.0, 4.0
-15.785781907308197, 15.404627557461504, 4.0, 4.0
-15.898367452624665, 15.40346649579499, 4.0, 4.0
-16.010952997941136, 15.402305434128476, 4.0, 4.0
-16.123424925944622, 15.397034370743114, 4.0, 4.0
-16.23589685394811, 15.391763307357751, 4.0, 4.0
-16.348192644741797, 15.383473899526381, 4.0, 4.0
-16.46048843553548, 15.375184491695011, 4.0, 4.0
-16.57260330045398, 15.364663539253756, 4.0, 4.0
-16.684718165372477, 15.354142586812502, 4.0, 4.0
-16.796670109295757, 15.34195934360444, 4.0, 4.0
-16.908622053219037, 15.32977610039638, 4.0, 4.0
-17.020435813149707, 15.316344831012714, 4.0, 4.0
-17.132249573080376, 15.302913561629046, 4.0, 4.0
-17.24394967543907, 15.28853778243836, 4.0, 4.0
-17.355649777797762, 15.274162003247673, 4.0, 4.0
-17.467257897470386, 15.2590656837691, 4.0, 4.0
-17.578866017143014, 15.243969364290527, 4.0, 4.0
-17.690400292358813, 15.228318980768274, 4.0, 4.0
-17.80193456757461, 15.212668597246022, 4.0, 4.0
-17.913409744639896, 15.196588792952213, 4.0, 4.0
-18.02488492170518, 15.180508988658403, 4.0, 4.0
-18.136312801276954, 15.164093759164732, 4.0, 4.0
-18.247740680848725, 15.147678529671062, 4.0, 4.0
-18.35913062779504, 15.130999262691683, 4.0, 4.0
-18.470520574741357, 15.114319995712304, 4.0, 4.0
-18.581879992774805, 15.097431287973299, 4.0, 4.0
-18.693239410808257, 15.080542580234294, 4.0, 4.0
-18.80457414809642, 15.063486473756065, 4.0, 4.0
-18.915908885384585, 15.046430367277837, 4.0, 4.0
-19.027223566311942, 15.029239454727932, 4.0, 4.0
-19.1385382472393, 15.012048542178027, 4.0, 4.0
-19.249836537205216, 14.994748257878593, 4.0, 4.0
-19.36113482717114, 14.97744797357916, 4.0, 4.0
-19.4724196409928, 14.960058294422927, 4.0, 4.0
-19.583704454814455, 14.942668615266694, 4.0, 4.0
-19.694978119459474, 14.925205331373705, 4.0, 4.0
-19.806251784104493, 14.907742047480715, 4.0, 4.0
-19.917516165256764, 14.890217717213634, 4.0, 4.0
-20.028780546409035, 14.872693386946553, 4.0, 4.0
-20.14003714676578, 14.855118058976943, 4.0, 4.0
-20.251293747122535, 14.837542731007334, 4.0, 4.0
-20.36254378276039, 14.819924493447875, 4.0, 4.0
-20.473793818398242, 14.802306255888416, 4.0, 4.0
-20.58503827819133, 14.784651656302234, 4.0, 4.0
-20.696282737984422, 14.766997056716052, 4.0, 4.0
-20.807527197777517, 14.74934245712987, 4.0, 4.0
-20.918771657570606, 14.731687857543687, 4.0, 4.0
-21.030016117363694, 14.71403325795751, 4.0, 4.0
-21.141260577156785, 14.696378658371332, 4.0, 4.0
-21.25250503694988, 14.67872405878515, 4.0, 4.0
-21.36374949674297, 14.661069459198966, 4.0, 4.0
-21.47499395653606, 14.643414859612784, 4.0, 4.0
-21.586238416329152, 14.625760260026603, 4.0, 4.0
-21.69748287612224, 14.608105660440424, 4.0, 4.0
-21.808727335915336, 14.590451060854246, 4.0, 4.0
-21.919971795708427, 14.572796461268064, 4.0, 4.0
-22.031216255501516, 14.555141861681882, 4.0, 4.0
-22.142460715294604, 14.5374872620957, 4.0, 4.0
-22.2537051750877, 14.519832662509518, 4.0, 4.0
-22.36494963488079, 14.50217806292334, 4.0, 4.0
-22.47619409467388, 14.484523463337162, 4.0, 4.0
-22.587438554466967, 14.46686886375098, 4.0, 4.0
-22.69868301426006, 14.449214264164798, 4.0, 4.0
-22.809927474053154, 14.431559664578616, 4.0, 4.0
-22.921171933846242, 14.413905064992434, 4.0, 4.0
-23.032416393639334, 14.396250465406256, 4.0, 4.0
-23.143660853432426, 14.378595865820078, 4.0, 4.0
-23.254905313225514, 14.360941266233896, 4.0, 4.0
-23.36614977301861, 14.343286666647714, 4.0, 4.0
-23.4773942328117, 14.32563206706153, 4.0, 4.0
-23.58863869260479, 14.307977467475348, 4.0, 4.0
-23.699883152397877, 14.29032286788917, 4.0, 4.0
-23.811127612190973, 14.272668268302994, 4.0, 4.0
-23.922372071984064, 14.25501366871681, 4.0, 4.0
-24.033616531777152, 14.237359069130628, 4.0, 4.0
-24.14486099157024, 14.219704469544446, 4.0, 4.0
-24.256105451363332, 14.202049869958264, 4.0, 4.0
-24.367349911156428, 14.184395270372086, 4.0, 4.0
-24.478594370949516, 14.166740670785908, 4.0, 4.0
-24.589838830742604, 14.149086071199726, 4.0, 4.0
-24.701083290535692, 14.131431471613544, 4.0, 4.0
-24.812327750328784, 14.113776872027362, 4.0, 4.0
-24.92357221012188, 14.09612227244118, 4.0, 4.0
-25.034816669914967, 14.078467672855002, 4.0, 4.0
-25.146061129708055, 14.060813073268823, 4.0, 4.0
-25.257305589501147, 14.043158473682642, 4.0, 4.0
-25.368550049294242, 14.02550387409646, 4.0, 4.0
-25.47979450908733, 14.007849274510278, 4.0, 4.0
-25.59103896888042, 13.990194674924094, 4.0, 4.0
-25.70228342867351, 13.972540075337918, 4.0, 4.0
-25.813527888466602, 13.95488547575174, 4.0, 4.0
-25.924772348259694, 13.937230876165557, 4.0, 4.0
-26.036016808052782, 13.919576276579374, 4.0, 4.0
-26.147261267845874, 13.901921676993192, 4.0, 4.0
-26.258505727638966, 13.88426707740701, 4.0, 4.0
-26.36855258581659, 13.86006634924353, 4.0, 4.0
-26.478599443994213, 13.83586562108005, 4.0, 4.0
-26.58726206485716, 13.805887800432743, 4.0, 4.0
-26.695924685720104, 13.775909979785434, 4.0, 4.0
-26.80309770284269, 13.7408234700256, 4.0, 4.0
-26.91027071996528, 13.705736960265767, 4.0, 4.0
-27.015904819004184, 13.666118248866516, 4.0, 4.0
-27.121538918043093, 13.626499537467264, 4.0, 4.0
-27.225622376272927, 13.582843523299369, 4.0, 4.0
-27.329705834502754, 13.539187509131473, 4.0, 4.0
-27.43225124817278, 13.491917958471877, 4.0, 4.0
-27.5347966618428, 13.44464840781228, 4.0, 4.0
-27.635831539158588, 13.394127758787983, 4.0, 4.0
-27.73686641647437, 13.343607109763687, 4.0, 4.0
-27.836426591631536, 13.290145272204589, 4.0, 4.0
-27.9359867667887, 13.23668343464549, 4.0, 4.0
-28.034111841456443, 13.18054547839625, 4.0, 4.0
-28.132236916124185, 13.12440752214701, 4.0, 4.0
-28.22896714032528, 13.065820279431412, 4.0, 4.0
-28.325697364526384, 13.007233036715814, 4.0, 4.0
-28.421071528254163, 12.946390708564255, 4.0, 4.0
-28.516445691981943, 12.885548380412695, 4.0, 4.0
-28.61049971843605, 12.822617262402384, 4.0, 4.0
-28.70455374489016, 12.759686144392072, 4.0, 4.0
-28.79731976394529, 12.694808590777232, 4.0, 4.0
-28.89008578300042, 12.62993103716239, 4.0, 4.0
-28.981591526964625, 12.563228775443514, 4.0, 4.0
-29.07309727092883, 12.496526513724639, 4.0, 4.0
-29.16336568003499, 12.42810340989227, 4.0, 4.0
-29.253634089141148, 12.359680306059902, 4.0, 4.0
-29.342683046398818, 12.289624667504714, 4.0, 4.0
-29.431732003656492, 12.219569028949527, 4.0, 4.0
-29.51957414131478, 12.147955519112713, 4.0, 4.0
-29.607416278973073, 12.076342009275898, 4.0, 4.0
-29.6940588145773, 12.003233236356415, 4.0, 4.0
-29.78070135018153, 11.930124463436933, 4.0, 4.0
-29.866145920972844, 11.855572295201101, 4.0, 4.0
-29.951590491764158, 11.781020126965268, 4.0, 4.0
-30.03583296334252, 11.705066774974828, 4.0, 4.0
-30.120075434920892, 11.629113422984386, 4.0, 4.0
-30.20310566463275, 11.551792332299932, 4.0, 4.0
-30.286135894344607, 11.474471241615479, 4.0, 4.0
-30.367937432436538, 11.395807816122023, 4.0, 4.0
-30.449738970528472, 11.317144390628568, 4.0, 4.0
-30.530288683182725, 11.237156579446069, 4.0, 4.0
-30.610838395836982, 11.157168768263569, 4.0, 4.0
-30.678532778749357, 11.06569040992187, 4.0, 4.0
-30.74622716166173, 10.97421205158017, 4.0, 4.0
-30.80185063966073, 10.874676934923448, 4.0, 4.0
-30.857474117659734, 10.775141818266725, 4.0, 4.0
-30.902359181294415, 10.670150967409247, 4.0, 4.0
-30.9472442449291, 10.56516011655177, 4.0, 4.0
-30.982886031530768, 10.45656634069536, 4.0, 4.0
-31.01852781813243, 10.34797256483895, 4.0, 4.0
-31.046363581979637, 10.237045158605355, 4.0, 4.0
-31.074199345826845, 10.126117752371758, 4.0, 4.0
-31.09550808056939, 10.013705494274323, 4.0, 4.0
-31.116816815311942, 9.901293236176887, 4.0, 4.0
-31.132689691667224, 9.787955370566424, 4.0, 4.0
-31.1485625680225, 9.674617504955961, 4.0, 4.0
-31.15990892865703, 9.560719081002787, 4.0, 4.0
-31.171255289291558, 9.446820657049614, 4.0, 4.0
-31.1788234296168, 9.33259835919098, 4.0, 4.0
-31.18639156994204, 9.218376061332345, 4.0, 4.0
-31.19079351445427, 9.103982372899898, 4.0, 4.0
-31.1951954589665, 8.989588684467451, 4.0, 4.0
-31.196930749263693, 8.875121065202144, 4.0, 4.0
-31.19866603956089, 8.760653445936839, 4.0, 4.0
-31.198142601606172, 8.64617346616902, 4.0, 4.0
-31.197619163651453, 8.531693486401203, 4.0, 4.0
-31.195170797552798, 8.417239340099934, 4.0, 4.0
-31.192722431454147, 8.302785193798668, 4.0, 4.0
-31.18862311294189, 8.18837988033588, 4.0, 4.0
-31.184523794429634, 8.073974566873094, 4.0, 4.0
-31.178999212454137, 7.959631246930468, 4.0, 4.0
-31.17347463047864, 7.845287926987842, 4.0, 4.0
-31.166711430148275, 7.731013434147334, 4.0, 4.0
-31.15994822981791, 7.616738941306826, 4.0, 4.0
-31.152101394595263, 7.502536087486382, 4.0, 4.0
-31.144254559372616, 7.3883332336659375, 4.0, 4.0
-31.135453303878954, 7.274202323497949, 4.0, 4.0
-31.126652048385296, 7.160071413329961, 4.0, 4.0
-31.117004527157412, 7.046011238134147, 4.0, 4.0
-31.107357005929526, 6.931951062938334, 4.0, 4.0
-31.09695408369679, 6.817959551376065, 4.0, 4.0
-31.086551161464058, 6.7039680398137955, 4.0, 4.0
-31.07546943999123, 6.590042681558839, 4.0, 4.0
-31.064387718518404, 6.476117323303884, 4.0, 4.0
-31.052691973884368, 6.362255442473984, 4.0, 4.0
-31.040996229250332, 6.248393561644084, 4.0, 4.0
-31.02874138055411, 6.134592490826593, 4.0, 4.0
-31.016486531857886, 6.020791420009101, 4.0, 4.0
-31.003719236390577, 5.907048608677703, 4.0, 4.0
-30.990951940923267, 5.7933057973463065, 4.0, 4.0
-30.97771189048688, 5.679618877214064, 4.0, 4.0
-30.964471840050496, 5.565931957081822, 4.0, 4.0
-30.95079281718069, 5.452298779472353, 4.0, 4.0
-30.937113794310882, 5.3386656018628855, 4.0, 4.0
-30.923024534712248, 5.225084257212545, 4.0, 4.0
-30.908935275113613, 5.111502912562205, 4.0, 4.0
-30.89446017287438, 4.997971738847911, 4.0, 4.0
-30.879985070635136, 4.884440565133616, 4.0, 4.0
-30.865144755146883, 4.770958149801397, 4.0, 4.0
-30.850304439658633, 4.6574757344691795, 4.0, 4.0
-30.83511624715344, 4.5440409129537915, 4.0, 4.0
-30.819928054648248, 4.430606091438404, 4.0, 4.0
-30.804406412512304, 4.317217944374046, 4.0, 4.0
-30.788884770376363, 4.203829797309688, 4.0, 4.0
-30.77304150862159, 4.0904876478766425, 4.0, 4.0
-30.757198246866807, 3.9771454984435963, 4.0, 4.0
-30.741042848118624, 3.8638489108689544, 4.0, 4.0
-30.724887449370446, 3.7505523232943125, 4.0, 4.0
-30.708427246289432, 3.63730110325635, 4.0, 4.0
-30.69196704320842, 3.5240498832183875, 4.0, 4.0
-30.675207370270826, 3.4108440807467275, 4.0, 4.0
-30.658447697333237, 3.297638278275067, 4.0, 4.0
-30.641392002245382, 3.1844781936616937, 4.0, 4.0
-30.624336307157527, 3.0713181090483204, 4.0, 4.0
-30.606986225786603, 2.958204302268271, 4.0, 4.0
-30.589636144415675, 2.845090495488222, 4.0, 4.0
-30.550827569928458, 2.7376248808507717, 4.0, 4.0
-30.51201899544124, 2.630159266213322, 4.0, 4.0
-30.457798185251743, 2.529827166159198, 4.0, 4.0
-30.403577375062248, 2.429495066105074, 4.0, 4.0
-30.338686113371015, 2.335940135517938, 4.0, 4.0
-30.27379485167978, 2.242385204930802, 4.0, 4.0
-30.201584467563848, 2.1545496103454003, 4.0, 4.0
-30.129374083447917, 2.066714015759999, 4.0, 4.0
-30.052115659094504, 1.9834372202627881, 4.0, 4.0
-29.974857234741094, 1.9001604247655774, 4.0, 4.0
-29.89407442015162, 1.820416021013707, 4.0, 4.0
-29.813291605562153, 1.7406716172618366, 4.0, 4.0
-29.730012293345215, 1.663627967688825, 4.0, 4.0
-29.646732981128274, 1.5865843181158132, 4.0, 4.0
-29.561659241347854, 1.51159498641087, 4.0, 4.0
-29.47658550156743, 1.4366056547059265, 4.0, 4.0
-29.39020395319926, 1.363178286309877, 4.0, 4.0
-29.303822404831088, 1.2897509179138271, 4.0, 4.0
-29.216475372696145, 1.2175140286226716, 4.0, 4.0
-29.129128340561202, 1.1452771393315158, 4.0, 4.0
-29.041060048031486, 1.0739513723089382, 4.0, 4.0
-28.95299175550177, 1.0026256052863605, 4.0, 4.0
-28.864378708164615, 0.9320008305372746, 4.0, 4.0
-28.775765660827464, 0.8613760557881887, 4.0, 4.0
-28.68673694115312, 0.7912938301208783, 4.0, 4.0
-28.597708221478783, 0.7212116044535678, 4.0, 4.0
-28.508359257253645, 0.6515520030058265, 4.0, 4.0
-28.419010293028503, 0.5818924015580852, 4.0, 4.0
-28.329412337571267, 0.5125642288851273, 4.0, 4.0
-28.239814382114027, 0.4432360562121695, 4.0, 4.0
-28.15002113168593, 0.37416960028057283, 4.0, 4.0
-28.060227881257827, 0.30510314434897623, 4.0, 4.0
-27.97028015203619, 0.2362448172238487, 4.0, 4.0
-27.880332422814554, 0.1673864900987212, 4.0, 4.0
-27.790261493996898, 0.09869485885518259, 4.0, 4.0
-27.700190565179234, 0.03000322761164398, 4.0, 4.0
-27.61002059333733, -0.03855393306331223, 4.0, 4.0
-27.519850621495436, -0.10711109373826844, 4.0, 4.0
-27.429600400684226, -0.1755589981074073, 4.0, 4.0
-27.339350179873016, -0.24400690247654616, 4.0, 4.0
-27.24903443596775, -0.3123653976050877, 4.0, 4.0
-27.15871869206249, -0.38072389273362917, 4.0, 4.0
-27.068349042290436, -0.44900869434604623, 4.0, 4.0
-26.977979392518375, -0.5172934959584633, 4.0, 4.0
-26.88756506218683, -0.5855171220590653, 4.0, 4.0
-26.797150731855286, -0.6537407481596671, 4.0, 4.0
-26.70669909354919, -0.7219132278580997, 4.0, 4.0
-26.61624745524309, -0.7900857075565324, 4.0, 4.0
-26.52576443722353, -0.8582151219653379, 4.0, 4.0
-26.435281419203964, -0.9263445363741433, 4.0, 4.0
-26.344771816744597, -0.9944374334824296, 4.0, 4.0
-26.254262214285234, -1.062530330590716, 4.0, 4.0
-26.16372992849176, -1.130592045112607, 4.0, 4.0
-26.073197642698293, -1.198653759634498, 4.0, 4.0
-25.982665356904825, -1.2667154741563889, 4.0, 4.0
-25.892133071111353, -1.3347771886782798, 4.0, 4.0
-25.801600785317884, -1.4028389032001707, 4.0, 4.0
-25.711068499524416, -1.4709006177220616, 4.0, 4.0
-25.620536213730947, -1.5389623322439525, 4.0, 4.0
-25.53000392793748, -1.6070240467658437, 4.0, 4.0
-25.439471642144007, -1.6750857612877346, 4.0, 4.0
-25.34893935635054, -1.7431474758096255, 4.0, 4.0
-25.258407070557073, -1.8112091903315164, 4.0, 4.0
-25.1678747847636, -1.8792709048534073, 4.0, 4.0
-25.077342498970133, -1.9473326193752982, 4.0, 4.0
-24.986810213176664, -2.015394333897189, 4.0, 4.0
-24.896277927383192, -2.0834560484190803, 4.0, 4.0
-24.805745641589724, -2.151517762940971, 4.0, 4.0
-24.715213355796255, -2.219579477462862, 4.0, 4.0
-24.624681070002786, -2.287641191984753, 4.0, 4.0
-24.53414878420932, -2.355702906506644, 4.0, 4.0
-24.44361649841585, -2.423764621028535, 4.0, 4.0
-24.35308421262238, -2.491826335550424, 4.0, 4.0
-24.262551926828912, -2.559888050072313, 4.0, 4.0
-24.17201964103544, -2.6279497645942036, 4.0, 4.0
-24.081487355241972, -2.6960114791160947, 4.0, 4.0
-23.990955069448503, -2.7640731936379854, 4.0, 4.0
-23.900422783655035, -2.8321349081598766, 4.0, 4.0
-23.809890497861566, -2.9001966226817655, 4.0, 4.0
-23.719358212068094, -2.9682583372036544, 4.0, 4.0
-23.62882592627463, -3.036320051725545, 4.0, 4.0
-23.53829364048116, -3.1043817662474362, 4.0, 4.0
-23.44776135468769, -3.172443480769327, 4.0, 4.0
-23.35722906889422, -3.240505195291218, 4.0, 4.0
-23.266696783100752, -3.308566909813107, 4.0, 4.0
-23.17616449730728, -3.376628624334996, 4.0, 4.0
-23.08563221151381, -3.444690338856887, 4.0, 4.0
-22.995099925720343, -3.5127520533787777, 4.0, 4.0
-22.90456763992687, -3.580813767900669, 4.0, 4.0
-22.814035354133406, -3.6488754824225595, 4.0, 4.0
-22.723503068339937, -3.7169371969444507, 4.0, 4.0
-22.632970782546465, -3.7849989114663414, 4.0, 4.0
-22.542438496752993, -3.8530606259882325, 4.0, 4.0
-22.451906210959525, -3.9211223405101236, 4.0, 4.0
-22.361373925166056, -3.9891840550320126, 4.0, 4.0
-22.270841639372584, -4.0572457695539015, 4.0, 4.0
-22.180309353579116, -4.125307484075792, 4.0, 4.0
-22.089777067785647, -4.193369198597683, 4.0, 4.0
-21.999244781992175, -4.2614309131195744, 4.0, 4.0
-21.908712496198707, -4.329492627641465, 4.0, 4.0
-21.81818021040524, -4.397554342163354, 4.0, 4.0
-21.72764792461177, -4.465616056685243, 4.0, 4.0
-21.631524113885437, -4.525226234554046, 4.0, 4.0
-21.535400303159104, -4.584836412422849, 4.0, 4.0
-21.43468502477846, -4.636012558083016, 4.0, 4.0
-21.333969746397816, -4.687188703743183, 4.0, 4.0
-21.22957111248574, -4.730059611117415, 4.0, 4.0
-21.12517247857366, -4.772930518491648, 4.0, 4.0
-21.017901643231156, -4.807706610082278, 4.0, 4.0
-20.91063080788866, -4.842482701672907, 4.0, 4.0
-20.80120314478512, -4.869430303434551, 4.0, 4.0
-20.691775481681574, -4.8963779051961955, 4.0, 4.0
-20.58081594837221, -4.91579799643861, 4.0, 4.0
-20.46985641506285, -4.935218087681026, 4.0, 4.0
-20.357907436361234, -4.947429467867664, 4.0, 4.0
-20.24595845765962, -4.959640848054302, 4.0, 4.0
-20.1334890540538, -4.964967307794568, 4.0, 4.0
-20.021019650447982, -4.970293767534835, 4.0, 4.0
-19.9084349095628, -4.969054683182359, 4.0, 4.0
-19.795850168677617, -4.967815598829884, 4.0, 4.0
-19.683500469582658, -4.960319328791261, 4.0, 4.0
-19.571150770487698, -4.952823058752638, 4.0, 4.0
-19.459340411119147, -4.939362554009999, 4.0, 4.0
-19.347530051750596, -4.92590204926736, 4.0, 4.0
-19.236525103242922, -4.906752163315417, 4.0, 4.0
-19.125520154735252, -4.887602277363474, 4.0, 4.0
-19.01555548432093, -4.863018347116752, 4.0, 4.0
-18.905590813906613, -4.8384344168700295, 4.0, 4.0
-18.796876293148678, -4.808651771546093, 4.0, 4.0
-18.688161772390746, -4.778869126222157, 4.0, 4.0
-18.580887731697413, -4.744103258266233, 4.0, 4.0
-18.473613691004076, -4.70933739031031, 4.0, 4.0
-18.36652174846196, -4.6739958754389335, 4.0, 4.0
-18.25942980591984, -4.638654360567557, 4.0, 4.0
-18.15249537693361, -4.602823145665386, 4.0, 4.0
-18.04556094794738, -4.5669919307632165, 4.0, 4.0
-17.938763395871362, -4.5307411199464, 4.0, 4.0
-17.831965843795345, -4.494490309129584, 4.0, 4.0
-17.725287836795356, -4.457877399551076, 4.0, 4.0
-17.618609829795368, -4.421264489972567, 4.0, 4.0
-17.512036792414367, -4.3843368876936735, 4.0, 4.0
-17.405463755033367, -4.34740928541478, 4.0, 4.0
-17.298983407373466, -4.310206272353537, 4.0, 4.0
-17.19250305971357, -4.273003259292295, 4.0, 4.0
-17.0861050337902, -4.235557539313171, 4.0, 4.0
-16.979707007866832, -4.198111819334047, 4.0, 4.0
-16.87338253001214, -4.160450739880165, 4.0, 4.0
-16.767058052157452, -4.122789660426284, 4.0, 4.0
-16.660799680964043, -4.084936182643178, 4.0, 4.0
-16.554541309770634, -4.047082704860071, 4.0, 4.0
-16.448342720226005, -4.009056177702983, 4.0, 4.0
-16.342144130681373, -3.971029650545895, 4.0, 4.0
-16.23599993645816, -3.9328464313009874, 4.0, 4.0
-16.129855742234952, -3.8946632120560793, 4.0, 4.0
-16.023761349377924, -3.856337165881547, 4.0, 4.0
-15.9176669565209, -3.818011119707015, 4.0, 4.0
-15.811618442922986, -3.779554023371759, 4.0, 4.0
-15.705569929325073, -3.7410969270365024, 4.0, 4.0
-15.59956394538214, -3.7025187963878574, 4.0, 4.0
-15.49355796143921, -3.6639406657392124, 4.0, 4.0
-15.387591648116342, -3.625250022117153, 4.0, 4.0
-15.281625334793471, -3.5865593784950938, 4.0, 4.0
-15.17569625603727, -3.547763465996701, 4.0, 4.0
-15.069767177281067, -3.5089675534983087, 4.0, 4.0
-14.963873264291115, -3.470072516437558, 4.0, 4.0
-14.857979351301163, -3.4311774793768075, 4.0, 4.0
-14.752118856648154, -3.3921885072979996, 4.0, 4.0
-14.646258361995145, -3.3531995352191917, 4.0, 4.0
-14.54042982196133, -3.3141209812707877, 4.0, 4.0
-14.434601281927517, -3.2750424273223837, 4.0, 4.0
-14.328803485762432, -3.2358779045787243, 4.0, 4.0
-14.223005689597349, -3.1967133818350653, 4.0, 4.0
-14.117237654642244, -3.157465841188247, 4.0, 4.0
-14.011469619687139, -3.118218300541429, 4.0, 4.0
-13.905730571536045, -3.078890093015498, 4.0, 4.0
-13.799991523384952, -3.0395618854895674, 4.0, 4.0
-13.694280880428874, -3.00015481120828, 4.0, 4.0
-13.588570237472798, -2.960747736926992, 4.0, 4.0
-13.482887599323524, -2.9212630824595096, 4.0, 4.0
-13.37720496117425, -2.8817784279920273, 4.0, 4.0
-13.271550100592755, -2.8422169933807107, 4.0, 4.0
-13.16589524001126, -2.8026555587693935, 4.0, 4.0
-13.060268098077994, -2.763017675188077, 4.0, 4.0
-12.95464095614473, -2.72337979160676, 4.0, 4.0
-12.843119809872116, -2.7076329785190723, 4.0, 4.0
-12.731598663599502, -2.6918861654313844, 4.0, 4.0
-12.619015997236811, -2.693306819446773, 4.0, 4.0
-12.506433330874122, -2.694727473462162, 4.0, 4.0
-12.39457175990999, -2.7077406524047234, 4.0, 4.0
-12.28271018894586, -2.720753831347285, 4.0, 4.0
-12.171971732869878, -2.741437436144746, 4.0, 4.0
-12.061233276793894, -2.7621210409422066, 4.0, 4.0
-11.951527566464128, -2.7878733458533236, 4.0, 4.0
-11.841821856134361, -2.81362565076444, 4.0, 4.0
-11.732934641049548, -2.842748755901494, 4.0, 4.0
-11.624047425964736, -2.871871861038548, 4.0, 4.0
-11.515769840567351, -2.9032570021393957, 4.0, 4.0
-11.407492255169968, -2.9346421432402434, 4.0, 4.0
-11.299655831717685, -2.9675601609067446, 4.0, 4.0
-11.1918194082654, -3.000478178573246, 4.0, 4.0
-11.084298095560728, -3.0344451433855113, 4.0, 4.0
-10.976776782856055, -3.0684121081977764, 4.0, 4.0
-10.86947949922378, -3.1031037422853434, 4.0, 4.0
-10.762182215591508, -3.1377953763729107, 4.0, 4.0
-10.655044227092462, -3.172992312562091, 4.0, 4.0
-10.547906238593416, -3.2081892487512715, 4.0, 4.0
-10.440881856831107, -3.2437417204397736, 4.0, 4.0
-10.333857475068799, -3.279294192128276, 4.0, 4.0
-10.22691450368169, -3.3150990393655793, 4.0, 4.0
-10.119971532294585, -3.350903886602883, 4.0, 4.0
-10.013087244368144, -3.386889439162705, 4.0, 4.0
-9.906202956441705, -3.422874991722527, 4.0, 4.0
-9.799361250123882, -3.458991039031953, 4.0, 4.0
-9.692519543806059, -3.4951070863413793, 4.0, 4.0
-9.585708954431583, -3.531318163889738, 4.0, 4.0
-9.478898365057107, -3.5675292414380966, 4.0, 4.0
-9.37211068255399, -3.6038100992085402, 4.0, 4.0
-9.265323000050874, -3.6400909569789843, 4.0, 4.0
-9.158552308046884, -3.6764234759673213, 4.0, 4.0
-9.051781616042895, -3.712755994955659, 4.0, 4.0
-8.945023622863, -3.7491270726425348, 4.0, 4.0
-8.838265629683105, -3.7854981503294107, 4.0, 4.0
-8.731507636503204, -3.8218692280162867, 4.0, 4.0
-8.624749643323305, -3.8582403057031627, 4.0, 4.0
-8.51799165014341, -3.8946113833900404, 4.0, 4.0
-8.411233656963516, -3.930982461076918, 4.0, 4.0
-8.304475663783615, -3.967353538763794, 4.0, 4.0
-8.197717670603716, -4.00372461645067, 4.0, 4.0
-8.09095967742382, -4.040095694137546, 4.0, 4.0
-7.984201684243925, -4.076466771824422, 4.0, 4.0
-7.877443691064026, -4.112837849511298, 4.0, 4.0
-7.770685697884127, -4.149208927198174, 4.0, 4.0
-7.663927704704231, -4.1855800048850496, 4.0, 4.0
-7.5571697115243355, -4.221951082571926, 4.0, 4.0
-7.450411718344436, -4.258322160258803, 4.0, 4.0
-7.343653725164537, -4.2946932379456815, 4.0, 4.0
-7.236895731984637, -4.331064315632557, 4.0, 4.0
-7.130137738804738, -4.367435393319433, 4.0, 4.0
-7.023379745624842, -4.403806471006312, 4.0, 4.0
-6.916621752444947, -4.440177548693189, 4.0, 4.0
-6.809863759265047, -4.476548626380065, 4.0, 4.0
-6.703105766085148, -4.512919704066941, 4.0, 4.0
-6.596347772905252, -4.549290781753817, 4.0, 4.0
-6.489589779725358, -4.585661859440693, 4.0, 4.0
-6.382831786545458, -4.622032937127568, 4.0, 4.0
-6.276073793365558, -4.658404014814445, 4.0, 4.0
-6.169315800185663, -4.69477509250132, 4.0, 4.0
-6.062557807005768, -4.731146170188197, 4.0, 4.0
-5.955799813825868, -4.767517247875074, 4.0, 4.0
-5.849041820645969, -4.803888325561952, 4.0, 4.0
-5.742283827466073, -4.840259403248829, 4.0, 4.0
-5.635525834286178, -4.876630480935704, 4.0, 4.0
-5.528767841106279, -4.913001558622582, 4.0, 4.0
-5.422009847926379, -4.94937263630946, 4.0, 4.0
-5.31525185474648, -4.985743713996336, 4.0, 4.0
-5.208493861566581, -5.022114791683212, 4.0, 4.0
-5.101735868386685, -5.058485869370088, 4.0, 4.0
-4.994977875206789, -5.094856947056964, 4.0, 4.0
-4.8882198820268945, -5.13122802474384, 4.0, 4.0
-4.781461888846999, -5.1675991024307155, 4.0, 4.0
-4.6747038956671, -5.203970180117591, 4.0, 4.0
-4.5679459024872, -5.2403412578044675, 4.0, 4.0
-4.4611879093073, -5.276712335491343, 4.0, 4.0
-4.354429916127401, -5.313083413178219, 4.0, 4.0
-4.2476719229475055, -5.349454490865097, 4.0, 4.0
-4.14091392976761, -5.385825568551975, 4.0, 4.0
-4.034155936587711, -5.422196646238851, 4.0, 4.0
-3.9273979434078115, -5.458567723925727, 4.0, 4.0
-3.820639950227916, -5.494938801612605, 4.0, 4.0
-3.7138819570480206, -5.531309879299482, 4.0, 4.0
-3.607123963868121, -5.567680956986359, 4.0, 4.0
-3.5003659706882218, -5.604052034673234, 4.0, 4.0
-3.393607977508322, -5.640423112360111, 4.0, 4.0
-3.2868499843284225, -5.676794190046986, 4.0, 4.0
-3.1800919911485273, -5.713165267733863, 4.0, 4.0
-3.073333997968632, -5.749536345420738, 4.0, 4.0
-2.9665760047887364, -5.785907423107614, 4.0, 4.0
-2.859818011608841, -5.82227850079449, 4.0, 4.0
-2.7530600184289415, -5.8586495784813675, 4.0, 4.0
-2.6463020252490423, -5.895020656168246, 4.0, 4.0
-2.5395440320691427, -5.931391733855122, 4.0, 4.0
-2.4327860388892435, -5.967762811541998, 4.0, 4.0
-2.326028045709348, -6.004133889228876, 4.0, 4.0
-2.2192700525294526, -6.040504966915753, 4.0, 4.0
-2.112512059349553, -6.0768760446026295, 4.0, 4.0
-2.005754066169654, -6.113247122289505, 4.0, 4.0
-1.8989960729897581, -6.1496181999763815, 4.0, 4.0
-1.792238079809863, -6.185989277663257, 4.0, 4.0
-1.6854800866299633, -6.222360355350133, 4.0, 4.0
-1.5787220934500639, -6.258731433037009, 4.0, 4.0
-1.4719641002701684, -6.2951025107238845, 4.0, 4.0
-1.3652061070902732, -6.331473588410761, 4.0, 4.0
-1.2584481139103778, -6.367844666097636, 4.0, 4.0
-1.1516901207304824, -6.404215743784513, 4.0, 4.0
-1.044932127550583, -6.44058682147139, 4.0, 4.0
-0.9381741343706835, -6.476957899158268, 4.0, 4.0
-0.8314161411907881, -6.513328976845147, 4.0, 4.0
-0.7246581480108927, -6.549700054532025, 4.0, 4.0
-0.6179001548309974, -6.5860711322189, 4.0, 4.0
-0.5111421616511019, -6.622442209905776, 4.0, 4.0
-0.40438416847120245, -6.658813287592652, 4.0, 4.0
-0.29762617529130303, -6.695184365279528, 4.0, 4.0
-0.19086818211140763, -6.731555442966404, 4.0, 4.0
-0.08411018893151224, -6.76792652065328, 4.0, 4.0
0.022647804248383148, -6.804297598340156, 4.0, 4.0
0.12940579742827854, -6.840668676027032, 4.0, 4.0
0.24191627833359672, -6.845006504781683, 4.0, 4.0
0.3544267592389149, -6.849344333536334, 4.0, 4.0
0.4628410541880328, -6.818450962169427, 4.0, 4.0
0.5712553491371506, -6.787557590802521, 4.0, 4.0
0.6650878858614776, -6.724285564417722, 4.0, 4.0
0.7589204225858046, -6.661013538032924, 4.0, 4.0
0.8314533011953326, -6.573453087033951, 4.0, 4.0
0.9039861798048605, -6.485892636034979, 4.0, 4.0
0.9541805001698873, -6.3834173258560725, 4.0, 4.0
1.0043748205349141, -6.280942015677165, 4.0, 4.0
1.035178665762617, -6.170828663112422, 4.0, 4.0
1.0659825109903196, -6.06071531054768, 4.0, 4.0
1.0816504044782391, -5.947347960905338, 4.0, 4.0
1.0973182979661584, -5.833980611262997, 4.0, 4.0
1.1017852454203956, -5.719589527986906, 4.0, 4.0
1.106252192874633, -5.6051984447108145, 4.0, 4.0
1.1026160016711026, -5.490776945195549, 4.0, 4.0
1.0989798104675725, -5.376355445680283, 4.0, 4.0
1.089518811513179, -5.262279118662952, 4.0, 4.0
1.0800578125587856, -5.14820279164562, 4.0, 4.0
1.0664024552662283, -5.034566671349007, 4.0, 4.0
1.0527470979736708, -4.920930551052395, 4.0, 4.0
1.0360544907337692, -4.807714504656212, 4.0, 4.0
1.0193618834938676, -4.694498458260028, 4.0, 4.0
1.000453717849999, -4.5816431196893035, 4.0, 4.0
0.9815455522061305, -4.4687877811185786, 4.0, 4.0
0.9610081374133748, -4.356227196605837, 4.0, 4.0
0.940470722620619, -4.2436666120930955, 4.0, 4.0
0.918725216434467, -4.131340861179406, 4.0, 4.0
0.8969797102483149, -4.019015110265716, 4.0, 4.0
0.8743309030939079, -3.9068740590686986, 4.0, 4.0
0.8516820959395008, -3.79473300787168, 4.0, 4.0
0.8283522716154842, -3.6827363867954688, 4.0, 4.0
0.8050224472914675, -3.570739765719257, 4.0, 4.0
0.7811749752829655, -3.4588559188152477, 4.0, 4.0
0.7573275032744634, -3.346972071911239, 4.0, 4.0
0.733083374069484, -3.235176394201896, 4.0, 4.0
0.7088392448645046, -3.1233807164925538, 4.0, 4.0
0.6842887383067436, -3.011654184707761, 4.0, 4.0
0.6597382317489827, -2.899927652922969, 4.0, 4.0
0.6349492097450512, -2.788255582636237, 4.0, 4.0
0.6101601877411196, -2.6765835123495054, 4.0, 4.0
0.5851840301701421, -2.5649545591812615, 4.0, 4.0
0.5602078725991646, -2.453325606013018, 4.0, 4.0
0.5350837563121493, -2.341730984846498, 4.0, 4.0
0.509959640025134, -2.230136363679979, 4.0, 4.0
0.4847176448243512, -2.118569247620789, 4.0, 4.0
0.4594756496235683, -2.0070021315616, 4.0, 4.0
0.4341390280580169, -1.8954571931050939, 4.0, 4.0
0.40880240649246546, -1.783912254648588, 4.0, 4.0
0.38338925355237, -1.6723853168069525, 4.0, 4.0
0.35797610061227453, -1.5608583789653168, 4.0, 4.0
0.3325005899114452, -1.4493461503203235, 4.0, 4.0
0.3070250792106159, -1.33783392167533, 4.0, 4.0
0.28149838398711524, -1.2263337950324231, 4.0, 4.0
0.2559716887636146, -1.1148336683895161, 4.0, 4.0
0.23040267229319916, -1.003343567467421, 4.0, 4.0
0.2048336558227837, -0.8918534665453258, 4.0, 4.0
0.17922939210205055, -0.780371728910485, 4.0, 4.0
0.1536251283813174, -0.6688899912756442, 4.0, 4.0
0.12802086466058019, -0.5574082536408034, 4.0, 4.0
0.10241660093984299, -0.44592651600596256, 4.0, 4.0
0.07681245070488224, -0.3344448870044719, 4.0, 4.0
0.051208300469921496, -0.22296325800298128, 4.0, 4.0
0.025604150234960748, -0.11148162900149064, 4.0, 4.0
