# x_m, y_m, w_tr_right_m, w_tr_left_m
-7.193851011765059589e+00;1.210929853696380148e-01;4.000000000000000000e+00;4.000000000000000000e+00
-7.124625154924373760e+00;5.885372179864047093e-02;4.000000000000000000e+00;4.000000000000000000e+00
-7.053738189446117524e+00;-3.386870531021467354e-05;4.000000000000000000e+00;4.000000000000000000e+00
-6.981251503970166361e+00;-5.587339712705399059e-02;4.000000000000000000e+00;4.000000000000000000e+00
-6.907225755554178726e+00;-1.089572252433075178e-01;4.000000000000000000e+00;4.000000000000000000e+00
-6.831720869673572061e+00;-1.595664656226641331e-01;4.000000000000000000e+00;4.000000000000000000e+00
-6.754796040221537901e+00;-2.079709816255937704e-01;4.000000000000000000e+00;4.000000000000000000e+00
-6.676509729509038316e+00;-2.544293874044428194e-01;4.000000000000000000e+00;4.000000000000000000e+00
-6.596919668264802361e+00;-2.991890479034345351e-01;4.000000000000000000e+00;4.000000000000000000e+00
-6.516082855635343840e+00;-3.424860788586684412e-01;4.000000000000000000e+00;4.000000000000000000e+00
-6.434055559184931106e+00;-3.845453467981213569e-01;4.000000000000000000e+00;4.000000000000000000e+00
-6.350893314895615482e+00;-4.255804690416460367e-01;4.000000000000000000e+00;4.000000000000000000e+00
-6.266650927167205509e+00;-4.657938137009719481e-01;4.000000000000000000e+00;4.000000000000000000e+00
-6.181382468817293585e+00;-5.053764996797056597e-01;4.000000000000000000e+00;4.000000000000000000e+00
-6.095141281081239093e+00;-5.445083966733295089e-01;4.000000000000000000e+00;4.000000000000000000e+00
-6.007979973612170177e+00;-5.833581251692036007e-01;4.000000000000000000e+00;4.000000000000000000e+00
-5.919950424480985518e+00;-6.220830564465636980e-01;4.000000000000000000e+00;4.000000000000000000e+00
-5.831103780176357887e+00;-6.608293125765223319e-01;4.000000000000000000e+00;4.000000000000000000e+00
-5.741490455604726151e+00;-6.997317664220692457e-01;4.000000000000000000e+00;4.000000000000000000e+00
-5.651160134090308595e+00;-7.389140416380699516e-01;4.000000000000000000e+00;4.000000000000000000e+00
-5.560161767375082498e+00;-7.784885126712675074e-01;4.000000000000000000e+00;4.000000000000000000e+00
-5.468543575618806329e+00;-8.185563047602807396e-01;4.000000000000000000e+00;4.000000000000000000e+00
-5.376353047399001106e+00;-8.592072939356054651e-01;4.000000000000000000e+00;4.000000000000000000e+00
-5.283636939710964597e+00;-9.005201070196144908e-01;4.000000000000000000e+00;4.000000000000000000e+00
-5.190441277967765110e+00;-9.425621216265560598e-01;4.000000000000000000e+00;4.000000000000000000e+00
-5.096811356000239712e+00;-9.853894661625566265e-01;4.000000000000000000e+00;4.000000000000000000e+00
-5.002791736056996896e+00;-1.029047019825618081e+00;4.000000000000000000e+00;4.000000000000000000e+00
-4.908426248804413028e+00;-1.073568412605619748e+00;4.000000000000000000e+00;4.000000000000000000e+00
-4.813757993326640339e+00;-1.118976025284316611e+00;4.000000000000000000e+00;4.000000000000000000e+00
-4.718829337125601597e+00;-1.165280989435340864e+00;4.000000000000000000e+00;4.000000000000000000e+00
-4.623681916120983892e+00;-1.212483187424201470e+00;4.000000000000000000e+00;4.000000000000000000e+00
-4.528356634650254620e+00;-1.260571252408283938e+00;4.000000000000000000e+00;4.000000000000000000e+00
-4.432893665468641053e+00;-1.309522568336849879e+00;4.000000000000000000e+00;4.000000000000000000e+00
-4.337332449749154328e+00;-1.359303269951038340e+00;4.000000000000000000e+00;4.000000000000000000e+00
-4.241711697082568122e+00;-1.409868242783864245e+00;4.000000000000000000e+00;4.000000000000000000e+00
-4.146069385477424873e+00;-1.461161123160219288e+00;4.000000000000000000e+00;4.000000000000000000e+00
-4.050442761360041999e+00;-1.513114298196872376e+00;4.000000000000000000e+00;4.000000000000000000e+00
-3.954868339574508784e+00;-1.565648905802468516e+00;4.000000000000000000e+00;4.000000000000000000e+00
-3.859381903382682388e+00;-1.618674834677528596e+00;4.000000000000000000e+00;4.000000000000000000e+00
-3.764018504464192727e+00;-1.672090724314452714e+00;4.000000000000000000e+00;4.000000000000000000e+00
-3.668812462916440698e+00;-1.725783964997513520e+00;4.000000000000000000e+00;4.000000000000000000e+00
-3.573797367254594626e+00;-1.779630697802865313e+00;4.000000000000000000e+00;4.000000000000000000e+00
-3.479006074411598703e+00;-1.833495814598534057e+00;4.000000000000000000e+00;4.000000000000000000e+00
-3.384470709738164107e+00;-1.887232981972199353e+00;4.000000000000000000e+00;4.000000000000000000e+00
-3.290222667002774770e+00;-1.940687001683852886e+00;4.000000000000000000e+00;4.000000000000000000e+00
-3.196292608391685608e+00;-1.993701717708664445e+00;4.000000000000000000e+00;4.000000000000000000e+00
-3.102710464508917632e+00;-2.046122904172628321e+00;4.000000000000000000e+00;4.000000000000000000e+00
-3.009505434376273048e+00;-2.097798313455246699e+00;4.000000000000000000e+00;4.000000000000000000e+00
-2.916705985433314829e+00;-2.148577676189533214e+00;4.000000000000000000e+00;4.000000000000000000e+00
-2.824339853537380485e+00;-2.198312701262010727e+00;4.000000000000000000e+00;4.000000000000000000e+00
-2.732434042963579390e+00;-2.246857075812712878e+00;4.000000000000000000e+00;4.000000000000000000e+00
-2.641014826404789240e+00;-2.294066465235182317e+00;4.000000000000000000e+00;4.000000000000000000e+00
-2.550107744971662260e+00;-2.339798513176472916e+00;4.000000000000000000e+00;4.000000000000000000e+00
-2.459737608192617220e+00;-2.383912841537145777e+00;4.000000000000000000e+00;4.000000000000000000e+00
-2.369928494013846976e+00;-2.426271050471278112e+00;4.000000000000000000e+00;4.000000000000000000e+00
-2.280703748799315367e+00;-2.466736718386449478e+00;4.000000000000000000e+00;4.000000000000000000e+00
-2.192085987330751884e+00;-2.505175401943755542e+00;4.000000000000000000e+00;4.000000000000000000e+00
-2.104097092807664104e+00;-2.541454636057797867e+00;4.000000000000000000e+00;4.000000000000000000e+00
-2.016758216847326146e+00;-2.575443933896690130e+00;4.000000000000000000e+00;4.000000000000000000e+00
-1.930089779484784218e+00;-2.607014786882056345e+00;4.000000000000000000e+00;4.000000000000000000e+00
-1.844111469172854623e+00;-2.636040664689029089e+00;4.000000000000000000e+00;4.000000000000000000e+00
-1.758842242782123755e+00;-2.662397015246253051e+00;4.000000000000000000e+00;4.000000000000000000e+00
-1.674300325600951211e+00;-2.685961264735881038e+00;4.000000000000000000e+00;4.000000000000000000e+00
-1.590503211335466460e+00;-2.706612817593574860e+00;4.000000000000000000e+00;4.000000000000000000e+00
-1.507467662109569284e+00;-2.724233056508510664e+00;4.000000000000000000e+00;4.000000000000000000e+00
-1.425209708464930447e+00;-2.738705342423369604e+00;4.000000000000000000e+00;4.000000000000000000e+00
-1.343744649360990806e+00;-2.749915014534347169e+00;4.000000000000000000e+00;4.000000000000000000e+00
-1.263087052174963754e+00;-2.757749390291144298e+00;4.000000000000000000e+00;4.000000000000000000e+00
-1.183250752701832775e+00;-2.762097765396976268e+00;4.000000000000000000e+00;4.000000000000000000e+00
-1.104248855154351894e+00;-2.762851437802395616e+00;4.000000000000000000e+00;4.000000000000000000e+00
-1.026093732163046113e+00;-2.759906010436894430e+00;4.000000000000000000e+00;4.000000000000000000e+00
-9.487970247762107512e-01;-2.753169026007531883e+00;4.000000000000000000e+00;4.000000000000000000e+00
-8.723696424599129973e-01;-2.742562727731091776e+00;4.000000000000000000e+00;4.000000000000000000e+00
-7.968217630979902433e-01;-2.728024104285467821e+00;4.000000000000000000e+00;4.000000000000000000e+00
-7.221628329920515288e-01;-2.709504889809672523e+00;4.000000000000000000e+00;4.000000000000000000e+00
-6.484015668614754313e-01;-2.686971563903830962e+00;4.000000000000000000e+00;4.000000000000000000e+00
-5.755459478434108433e-01;-2.660405351629183901e+00;4.000000000000000000e+00;4.000000000000000000e+00
-5.036032274927807473e-01;-2.629802223508085568e+00;4.000000000000000000e+00;4.000000000000000000e+00
-4.325799257822750543e-01;-2.595172895524007206e+00;4.000000000000000000e+00;4.000000000000000000e+00
-3.624818311023575990e-01;-2.556542829121533966e+00;4.000000000000000000e+00;4.000000000000000000e+00
-2.933140002612611985e-01;-2.513952231206365351e+00;4.000000000000000000e+00;4.000000000000000000e+00
-2.250807584849900400e-01;-2.467456054145318767e+00;4.000000000000000000e+00;4.000000000000000000e+00
-1.577856994173177374e-01;-2.417123995766319755e+00;4.000000000000000000e+00;4.000000000000000000e+00
-9.143168511979288260e-02;-2.363040499358416646e+00;4.000000000000000000e+00;4.000000000000000000e+00
-2.602084607173055231e-02;-2.305304753671766793e+00;4.000000000000000000e+00;4.000000000000000000e+00
3.844541882978130820e-02;-2.244030692917646785e+00;4.000000000000000000e+00;4.000000000000000000e+00
1.019664422698847717e-01;-2.179346996768444011e+00;4.000000000000000000e+00;4.000000000000000000e+00
1.645422885159515403e-01;-2.111397090357662432e+00;4.000000000000000000e+00;4.000000000000000000e+00
2.261737534175793374e-01;-2.040339144279922579e+00;4.000000000000000000e+00;4.000000000000000000e+00
2.868623644065987355e-01;-1.966346074590958892e+00;4.000000000000000000e+00;4.000000000000000000e+00
3.466103804970678826e-01;-1.889605542807619054e+00;4.000000000000000000e+00;4.000000000000000000e+00
4.054208377398542118e-01;-1.810319148586663207e+00;4.000000000000000000e+00;4.000000000000000000e+00
4.632980976851528987e-01;-1.728692688452887039e+00;4.000000000000000000e+00;4.000000000000000000e+00
5.202484348528927383e-01;-1.644925721706034016e+00;4.000000000000000000e+00;4.000000000000000000e+00
5.762800952153450673e-01;-1.559210531708171921e+00;4.000000000000000000e+00;4.000000000000000000e+00
6.314032961971693947e-01;-1.471732125882794229e+00;4.000000000000000000e+00;4.000000000000000000e+00
6.856302266754171759e-01;-1.382668235714821225e+00;4.000000000000000000e+00;4.000000000000000000e+00
7.389750469795262067e-01;-1.292189316750603334e+00;4.000000000000000000e+00;4.000000000000000000e+00
7.914538888913276171e-01;-1.200458548597912012e+00;4.000000000000000000e+00;4.000000000000000000e+00
8.430848556450420972e-01;-1.107631834925947523e+00;4.000000000000000000e+00;4.000000000000000000e+00
8.938880219272792305e-01;-1.013857803465336715e+00;4.000000000000000000e+00;4.000000000000000000e+00
9.438854338770409358e-01;-9.192778060081293612e-01;4.000000000000000000e+00;4.000000000000000000e+00
9.931011090857149171e-01;-8.240259184078086996e-01;4.000000000000000000e+00;4.000000000000000000e+00
1.041561036597082879e+00;-7.282289405792778947e-01;4.000000000000000000e+00;4.000000000000000000e+00
1.089293176907315308e+00;-6.320063964988684724e-01;4.000000000000000000e+00;4.000000000000000000e+00
1.136327461964972363e+00;-5.354705342043384331e-01;4.000000000000000000e+00;4.000000000000000000e+00
1.182695795171005537e+00;-4.387263257948698647e-01;4.000000000000000000e+00;4.000000000000000000e+00
1.228432051378754553e+00;-3.418714674310773804e-01;4.000000000000000000e+00;4.000000000000000000e+00
1.273572076893949578e+00;-2.449963793349949071e-01;4.000000000000000000e+00;4.000000000000000000e+00
1.318153689474711232e+00;-1.481842057900863985e-01;4.000000000000000000e+00;4.000000000000000000e+00
1.362216678331551467e+00;-5.151081514124102034e-02;4.000000000000000000e+00;4.000000000000000000e+00
1.405802804127370909e+00;4.495520020522727339e-02;4.000000000000000000e+00;4.000000000000000000e+00
1.448955798977458631e+00;1.411525237815730027e-01;4.000000000000000000e+00;4.000000000000000000e+00
1.491721366449496822e+00;2.370271150586295839e-01;4.000000000000000000e+00;4.000000000000000000e+00
1.534147181563556339e+00;3.325322094458027511e-01;4.000000000000000000e+00;4.000000000000000000e+00
1.576282890792097380e+00;4.276283182910709524e-01;4.000000000000000000e+00;4.000000000000000000e+00
1.618180112059972142e+00;5.222832288809888812e-01;4.000000000000000000e+00;4.000000000000000000e+00
1.659892434744421053e+00;6.164720044406797328e-01;4.000000000000000000e+00;4.000000000000000000e+00
1.701475419675074097e+00;7.101769841338451128e-01;4.000000000000000000e+00;4.000000000000000000e+00
1.742986599133953929e+00;8.033877830627588201e-01;4.000000000000000000e+00;4.000000000000000000e+00
1.784485476855470987e+00;8.961012922682686233e-01;4.000000000000000000e+00;4.000000000000000000e+00
1.826033528026427710e+00;9.883216787297974815e-01;4.000000000000000000e+00;4.000000000000000000e+00
1.867694199286012768e+00;1.080060385365336328e+00;4.000000000000000000e+00;4.000000000000000000e+00
1.909532908725809275e+00;1.171336131031456063e+00;4.000000000000000000e+00;4.000000000000000000e+00
1.951617045889787683e+00;1.262174910523297999e+00;4.000000000000000000e+00;4.000000000000000000e+00
1.994015971774310669e+00;1.352609994574579755e+00;4.000000000000000000e+00;4.000000000000000000e+00
2.036801018828128917e+00;1.442681929857590362e+00;4.000000000000000000e+00;4.000000000000000000e+00
2.080045490952383336e+00;1.532438538983191822e+00;4.000000000000000000e+00;4.000000000000000000e+00
2.123824663500605947e+00;1.621934920500821775e+00;4.000000000000000000e+00;4.000000000000000000e+00
2.168215562022782539e+00;1.711233349865224351e+00;4.000000000000000000e+00;4.000000000000000000e+00
2.213287436846001377e+00;1.800399015897063526e+00;4.000000000000000000e+00;4.000000000000000000e+00
2.259079450141302292e+00;1.889490033603799413e+00;4.000000000000000000e+00;4.000000000000000000e+00
2.305595022790608795e+00;1.978554913860058662e+00;4.000000000000000000e+00;4.000000000000000000e+00
2.352801798896266394e+00;2.067632547522257447e+00;4.000000000000000000e+00;4.000000000000000000e+00
2.400631645781041268e+00;2.156752205428593694e+00;4.000000000000000000e+00;4.000000000000000000e+00
2.448980653988119816e+00;2.245933538399049301e+00;4.000000000000000000e+00;4.000000000000000000e+00
2.497709137281112213e+00;2.335186577235391248e+00;4.000000000000000000e+00;4.000000000000000000e+00
2.546641632644044861e+00;2.424511732721167157e+00;4.000000000000000000e+00;4.000000000000000000e+00
2.595566900281367939e+00;2.513899795621710176e+00;4.000000000000000000e+00;4.000000000000000000e+00
2.644237923617951846e+00;2.603331936684137649e+00;4.000000000000000000e+00;4.000000000000000000e+00
2.692371909299088539e+00;2.692779706637350223e+00;4.000000000000000000e+00;4.000000000000000000e+00
2.739650287190488864e+00;2.782205036192033187e+00;4.000000000000000000e+00;4.000000000000000000e+00
2.785718710378285223e+00;2.871560236040650249e+00;4.000000000000000000e+00;4.000000000000000000e+00
2.830187055169031130e+00;2.960787996857455528e+00;4.000000000000000000e+00;4.000000000000000000e+00
2.872629421089701207e+00;3.049821389298484675e+00;4.000000000000000000e+00;4.000000000000000000e+00
2.912584130887691636e+00;3.138583864001556645e+00;4.000000000000000000e+00;4.000000000000000000e+00
2.949553730530818374e+00;3.226989251586276364e+00;4.000000000000000000e+00;4.000000000000000000e+00
2.983004989207315383e+00;3.314941762654024959e+00;4.000000000000000000e+00;4.000000000000000000e+00
3.012368899325842619e+00;3.402335987787975746e+00;4.000000000000000000e+00;4.000000000000000000e+00
3.037043431549971917e+00;3.489057252925426234e+00;4.000000000000000000e+00;4.000000000000000000e+00
3.056446678635274861e+00;3.574988474389929838e+00;4.000000000000000000e+00;4.000000000000000000e+00
3.070095621586693024e+00;3.660020318950648388e+00;4.000000000000000000e+00;4.000000000000000000e+00
3.077617944414153595e+00;3.744052727809585868e+00;4.000000000000000000e+00;4.000000000000000000e+00
3.078752040587986905e+00;3.826994917434281884e+00;4.000000000000000000e+00;4.000000000000000000e+00
3.073347013038921105e+00;3.908765379557802344e+00;4.000000000000000000e+00;4.000000000000000000e+00
3.061362674158092378e+00;3.989291881178746113e+00;4.000000000000000000e+00;4.000000000000000000e+00
3.042869545797031172e+00;4.068511464561237467e+00;4.000000000000000000e+00;4.000000000000000000e+00
3.018048859267675077e+00;4.146370447234934531e+00;4.000000000000000000e+00;4.000000000000000000e+00
2.987192555342362166e+00;4.222824421995021282e+00;4.000000000000000000e+00;4.000000000000000000e+00
2.950703284253830994e+00;4.297838256902217324e+00;4.000000000000000000e+00;4.000000000000000000e+00
2.909094405695223262e+00;4.371386095282768558e+00;4.000000000000000000e+00;4.000000000000000000e+00
2.862982379945711475e+00;4.443451324884912346e+00;4.000000000000000000e+00;4.000000000000000000e+00
2.812999288673100562e+00;4.514026223270843019e+00;4.000000000000000000e+00;4.000000000000000000e+00
2.759702421535828343e+00;4.583111591314528610e+00;4.000000000000000000e+00;4.000000000000000000e+00
2.703565688797905597e+00;4.650716718391642246e+00;4.000000000000000000e+00;4.000000000000000000e+00
2.644979621328488850e+00;4.716859382379575472e+00;4.000000000000000000e+00;4.000000000000000000e+00
2.584251370601864384e+00;4.781565849657426703e+00;4.000000000000000000e+00;4.000000000000000000e+00
2.521604708697478880e+00;4.844870875106007446e+00;4.000000000000000000e+00;4.000000000000000000e+00
2.457180324581206055e+00;4.906817668598673521e+00;4.000000000000000000e+00;4.000000000000000000e+00
2.391053763300823753e+00;4.967455866093176908e+00;4.000000000000000000e+00;4.000000000000000000e+00
2.323284726978162684e+00;5.026835953730319773e+00;4.000000000000000000e+00;4.000000000000000000e+00
2.253931849163782530e+00;5.085007596866676138e+00;4.000000000000000000e+00;4.000000000000000000e+00
2.183052846159382554e+00;5.142019622960149583e+00;4.000000000000000000e+00;4.000000000000000000e+00
2.110704517017782056e+00;5.197920021569984783e+00;4.000000000000000000e+00;4.000000000000000000e+00
2.036942743542937251e+00;5.252755944356758633e+00;4.000000000000000000e+00;4.000000000000000000e+00
1.961822490289931498e+00;5.306573705082382020e+00;4.000000000000000000e+00;4.000000000000000000e+00
1.885397804564974189e+00;5.359418779610109596e+00;4.000000000000000000e+00;4.000000000000000000e+00
1.807721816425409633e+00;5.411335805904519347e+00;4.000000000000000000e+00;4.000000000000000000e+00
1.728846738679703066e+00;5.462368584031534802e+00;4.000000000000000000e+00;4.000000000000000000e+00
1.648823866887457079e+00;5.512560076158407263e+00;4.000000000000000000e+00;4.000000000000000000e+00
1.567703579359403632e+00;5.561952406553725581e+00;4.000000000000000000e+00;4.000000000000000000e+00
1.485535337157395608e+00;5.610586861587419705e+00;4.000000000000000000e+00;4.000000000000000000e+00
1.402367684094426359e+00;5.658503889730742920e+00;4.000000000000000000e+00;4.000000000000000000e+00
1.318248246734606166e+00;5.705743101556294050e+00;4.000000000000000000e+00;4.000000000000000000e+00
1.233223734393184667e+00;5.752343269738003251e+00;4.000000000000000000e+00;4.000000000000000000e+00
1.147339939136541087e+00;5.798342329051139110e+00;4.000000000000000000e+00;4.000000000000000000e+00
1.060641735782173356e+00;5.843777376372300658e+00;4.000000000000000000e+00;4.000000000000000000e+00
9.731730818987222031e-01;5.888684670679422695e+00;4.000000000000000000e+00;4.000000000000000000e+00
8.849770178059450654e-01;5.933099633051781119e+00;4.000000000000000000e+00;4.000000000000000000e+00
7.960956665747382921e-01;5.977056846669980494e+00;4.000000000000000000e+00;4.000000000000000000e+00
7.065702340271257098e-01;6.020590056815961155e+00;4.000000000000000000e+00;4.000000000000000000e+00
6.164410087362532931e-01;6.063732170873006311e+00;4.000000000000000000e+00;4.000000000000000000e+00
5.257473620264051517e-01;6.106515258325724282e+00;4.000000000000000000e+00;4.000000000000000000e+00
4.345277479729943160e-01;6.148970550760068043e+00;4.000000000000000000e+00;4.000000000000000000e+00
3.428197034025528556e-01;6.191128441863317455e+00;4.000000000000000000e+00;4.000000000000000000e+00
2.506598478927574147e-01;6.233018487424089038e+00;4.000000000000000000e+00;4.000000000000000000e+00
1.580838837723979873e-01;6.274669405332342187e+00;4.000000000000000000e+00;4.000000000000000000e+00
6.512659612140592191e-02;6.316109075579365850e+00;4.000000000000000000e+00;4.000000000000000000e+00
-2.817814722915945591e-02;6.357364540257779417e+00;4.000000000000000000e+00;4.000000000000000000e+00
-1.217973956971183103e-01;6.398462003561550482e+00;4.000000000000000000e+00;4.000000000000000000e+00
-2.156991159491487009e-01;6.439426831785967309e+00;4.000000000000000000e+00;4.000000000000000000e+00
-3.098521919008132564e-01;6.480283553327666368e+00;4.000000000000000000e+00;4.000000000000000000e+00
-4.042264247165353042e-01;6.521055858684606577e+00;4.000000000000000000e+00;4.000000000000000000e+00
-4.987925328096074473e-01;6.561766600456095944e+00;4.000000000000000000e+00;4.000000000000000000e+00
-5.935221518422046927e-01;6.602437793342767591e+00;4.000000000000000000e+00;4.000000000000000000e+00
-6.883878347253583607e-01;6.643090614146593076e+00;4.000000000000000000e+00;4.000000000000000000e+00
-7.833630516189841186e-01;6.683745401770881500e+00;4.000000000000000000e+00;4.000000000000000000e+00
-8.784221899318580551e-01;6.724421657220270632e+00;4.000000000000000000e+00;4.000000000000000000e+00
-9.735405543216275603e-01;6.765138043600743778e+00;4.000000000000000000e+00;4.000000000000000000e+00
-1.068694366694820541e+00;6.805912386119609359e+00;4.000000000000000000e+00;4.000000000000000000e+00
-1.163860766206820996e+00;6.846761672085514228e+00;4.000000000000000000e+00;4.000000000000000000e+00
-1.259017809261899323e+00;6.887702050908448115e+00;4.000000000000000000e+00;4.000000000000000000e+00
-1.354144469513185012e+00;6.928748834099727638e+00;4.000000000000000000e+00;4.000000000000000000e+00
-1.449220637862677963e+00;6.969916495272000745e+00;4.000000000000000000e+00;4.000000000000000000e+00
-1.544227122461260260e+00;7.011218670139264475e+00;4.000000000000000000e+00;4.000000000000000000e+00
-1.639145648708669745e+00;7.052668156516837428e+00;4.000000000000000000e+00;4.000000000000000000e+00
-1.733958859253528884e+00;7.094276914321382854e+00;4.000000000000000000e+00;4.000000000000000000e+00
-1.828650313993321230e+00;7.136056065570894447e+00;4.000000000000000000e+00;4.000000000000000000e+00
-1.923204490074401196e+00;7.178015894384703444e+00;4.000000000000000000e+00;4.000000000000000000e+00
-2.017606781892002932e+00;7.220165846983476854e+00;4.000000000000000000e+00;4.000000000000000000e+00
-2.111843501090218123e+00;7.262514531689209463e+00;4.000000000000000000e+00;4.000000000000000000e+00
-2.205901876562024189e+00;7.305069718925246036e+00;4.000000000000000000e+00;4.000000000000000000e+00
-2.299770054449255419e+00;7.347838341216252900e+00;4.000000000000000000e+00;4.000000000000000000e+00
-2.393437098142621178e+00;7.390826493188233925e+00;4.000000000000000000e+00;4.000000000000000000e+00
-2.486892988281709460e+00;7.434039431568541190e+00;4.000000000000000000e+00;4.000000000000000000e+00
-2.580128622754965129e+00;7.477481575185840335e+00;4.000000000000000000e+00;4.000000000000000000e+00
-2.673135816699717449e+00;7.521156504970152312e+00;4.000000000000000000e+00;4.000000000000000000e+00
-2.765907302502156995e+00;7.565066963952821411e+00;4.000000000000000000e+00;4.000000000000000000e+00
-2.858436729797345421e+00;7.609214857266532128e+00;4.000000000000000000e+00;4.000000000000000000e+00
-2.950718665469223900e+00;7.653601252145302070e+00;4.000000000000000000e+00;4.000000000000000000e+00
-3.042748593650590472e+00;7.698226377924485497e+00;4.000000000000000000e+00;4.000000000000000000e+00
-3.134522915723128467e+00;7.743089626040771556e+00;4.000000000000000000e+00;4.000000000000000000e+00
-3.226038950317382081e+00;7.788189550032186048e+00;4.000000000000000000e+00;4.000000000000000000e+00
-3.317294933312764815e+00;7.833523865538083442e+00;4.000000000000000000e+00;4.000000000000000000e+00
-3.408290017837572794e+00;7.879089450299163744e+00;4.000000000000000000e+00;4.000000000000000000e+00
-3.499024274268957679e+00;7.924882344157455627e+00;4.000000000000000000e+00;4.000000000000000000e+00
-3.589498690232955980e+00;7.970897749056323534e+00;4.000000000000000000e+00;4.000000000000000000e+00
-3.679715170604464181e+00;8.017130029040471229e+00;4.000000000000000000e+00;4.000000000000000000e+00
-3.769676537507251624e+00;8.063572710255929366e+00;4.000000000000000000e+00;4.000000000000000000e+00
-3.859386530313965835e+00;8.110218480950074138e+00;4.000000000000000000e+00;4.000000000000000000e+00
-3.948849805646112099e+00;8.157059191471606852e+00;4.000000000000000000e+00;4.000000000000000000e+00
-4.038071937374081877e+00;8.204085854270580569e+00;4.000000000000000000e+00;4.000000000000000000e+00
-4.127059416617124832e+00;8.251288643898359254e+00;4.000000000000000000e+00;4.000000000000000000e+00
-4.215819650893422477e+00;8.298656897916442787e+00;4.000000000000000000e+00;4.000000000000000000e+00
-4.304360816970182135e+00;8.346179274233309187e+00;4.000000000000000000e+00;4.000000000000000000e+00
-4.392691264852818911e+00;8.393844388376132670e+00;4.000000000000000000e+00;4.000000000000000000e+00
-4.480819257175425285e+00;8.441641092141914271e+00;4.000000000000000000e+00;4.000000000000000000e+00
-4.568752962850587629e+00;8.489558480387277228e+00;4.000000000000000000e+00;4.000000000000000000e+00
-4.656500457069404852e+00;8.537585891028436791e+00;4.000000000000000000e+00;4.000000000000000000e+00
-4.744069721301478637e+00;8.585712905041237519e+00;4.000000000000000000e+00;4.000000000000000000e+00
-4.831468643294910770e+00;8.633929346461114207e+00;4.000000000000000000e+00;4.000000000000000000e+00
-4.918705017076313801e+00;8.682225282383130960e+00;4.000000000000000000e+00;4.000000000000000000e+00
-5.005786542950801277e+00;8.730591022961945669e+00;4.000000000000000000e+00;4.000000000000000000e+00
-5.092720827501987735e+00;8.779017121411831326e+00;4.000000000000000000e+00;4.000000000000000000e+00
-5.179515383592003808e+00;8.827494374006677802e+00;4.000000000000000000e+00;4.000000000000000000e+00
-5.266177630361469575e+00;8.876013820079968752e+00;4.000000000000000000e+00;4.000000000000000000e+00
-5.352714893229522986e+00;8.924566742024813593e+00;4.000000000000000000e+00;4.000000000000000000e+00
-5.439134403893796765e+00;8.973144665293920852e+00;4.000000000000000000e+00;4.000000000000000000e+00
-5.525443300330432628e+00;9.021739358399610609e+00;4.000000000000000000e+00;4.000000000000000000e+00
-5.611648626794077721e+00;9.070342832913818043e+00;4.000000000000000000e+00;4.000000000000000000e+00
-5.697757333817879299e+00;9.118947343468079225e+00;4.000000000000000000e+00;4.000000000000000000e+00
-5.783776278213498934e+00;9.167545387753557762e+00;4.000000000000000000e+00;4.000000000000000000e+00
-5.869712223071086754e+00;9.216129706520995057e+00;4.000000000000000000e+00;4.000000000000000000e+00
-5.955571837759310760e+00;9.264693283580772487e+00;4.000000000000000000e+00;4.000000000000000000e+00
-6.041361697925339058e+00;9.313229345802868764e+00;4.000000000000000000e+00;4.000000000000000000e+00
-6.127088285494843412e+00;9.361731363116865268e+00;4.000000000000000000e+00;4.000000000000000000e+00
-6.212757988672002796e+00;9.410193048511974467e+00;4.000000000000000000e+00;4.000000000000000000e+00
-6.298377101939499845e+00;9.458608358036993735e+00;4.000000000000000000e+00;4.000000000000000000e+00
-6.383951826058513745e+00;9.506971490800344426e+00;4.000000000000000000e+00;4.000000000000000000e+00
-6.469488268068742443e+00;9.555276888970052340e+00;4.000000000000000000e+00;4.000000000000000000e+00
-6.554992441288375993e+00;9.603519237773756601e+00;4.000000000000000000e+00;4.000000000000000000e+00
-6.640470265314120546e+00;9.651693465498704327e+00;4.000000000000000000e+00;4.000000000000000000e+00
-6.725927566021175252e+00;9.699794743491755966e+00;4.000000000000000000e+00;4.000000000000000000e+00
-6.811370075563249138e+00;9.747818486159369300e+00;4.000000000000000000e+00;4.000000000000000000e+00
-6.896803432372556664e+00;9.795760350967622543e+00;4.000000000000000000e+00;4.000000000000000000e+00
-6.982233181159810620e+00;9.843616238442205457e+00;4.000000000000000000e+00;4.000000000000000000e+00
-7.067664772914243443e+00;9.891382292168412249e+00;4.000000000000000000e+00;4.000000000000000000e+00
-7.153103564903574352e+00;9.939054898791141568e+00;4.000000000000000000e+00;4.000000000000000000e+00
-7.238554820674035106e+00;9.986630688014914270e+00;4.000000000000000000e+00;4.000000000000000000e+00
-7.324023710050363789e+00;1.003410653260385388e+01;4.000000000000000000e+00;4.000000000000000000e+00
-7.409515309135795036e+00;1.008147954838168658e+01;4.000000000000000000e+00;4.000000000000000000e+00
-7.495034600312081352e+00;1.012874709423176611e+01;4.000000000000000000e+00;4.000000000000000000e+00
-7.580586472239470019e+00;1.017590677209704353e+01;4.000000000000000000e+00;4.000000000000000000e+00
-7.666175719856710202e+00;1.022295642698007256e+01;4.000000000000000000e+00;4.000000000000000000e+00
-7.751807044381063605e+00;1.026989414694303271e+01;4.000000000000000000e+00;4.000000000000000000e+00
-7.837485053308291150e+00;1.031671826310770612e+01;4.000000000000000000e+00;4.000000000000000000e+00
-7.923214260412663634e+00;1.036342734965547940e+01;4.000000000000000000e+00;4.000000000000000000e+00
-8.008999085746950186e+00;1.041002022382735959e+01;4.000000000000000000e+00;4.000000000000000000e+00
-8.094843855642425368e+00;1.045649594592395104e+01;4.000000000000000000e+00;4.000000000000000000e+00
-8.180752802708875393e+00;1.050285381930548212e+01;4.000000000000000000e+00;4.000000000000000000e+00
-8.266730065834574148e+00;1.054909339039177318e+01;4.000000000000000000e+00;4.000000000000000000e+00
-8.352779690186327599e+00;1.059521444866226858e+01;4.000000000000000000e+00;4.000000000000000000e+00
-8.438905627209420501e+00;1.064121702665602420e+01;4.000000000000000000e+00;4.000000000000000000e+00
-8.525111734627648374e+00;1.068710139997168795e+01;4.000000000000000000e+00;4.000000000000000000e+00
-8.611401776443321054e+00;1.073286808726753172e+01;4.000000000000000000e+00;4.000000000000000000e+00
-8.697779422937243154e+00;1.077851785026143538e+01;4.000000000000000000e+00;4.000000000000000000e+00
-8.784248250668731828e+00;1.082405169373088505e+01;4.000000000000000000e+00;4.000000000000000000e+00
-8.870811742475599004e+00;1.086947086551298369e+01;4.000000000000000000e+00;4.000000000000000000e+00
-8.957473287474160273e+00;1.091477685650443341e+01;4.000000000000000000e+00;4.000000000000000000e+00
-9.044236181059259749e+00;1.095997140066154607e+01;4.000000000000000000e+00;4.000000000000000000e+00
-9.131103624904207905e+00;1.100505647500025574e+01;4.000000000000000000e+00;4.000000000000000000e+00
-9.218078726960847291e+00;1.105003429959609562e+01;4.000000000000000000e+00;4.000000000000000000e+00
-9.305164501459520565e+00;1.109490733758421044e+01;4.000000000000000000e+00;4.000000000000000000e+00
-9.392363868909070490e+00;1.113967829515935826e+01;4.000000000000000000e+00;4.000000000000000000e+00
-9.479679656096838158e+00;1.118435012157590513e+01;4.000000000000000000e+00;4.000000000000000000e+00
-9.567114596088684308e+00;1.122892600914781802e+01;4.000000000000000000e+00;4.000000000000000000e+00
-9.654671328228962679e+00;1.127340939324868785e+01;4.000000000000000000e+00;4.000000000000000000e+00
-9.742352398140537773e+00;1.131780395231170289e+01;4.000000000000000000e+00;4.000000000000000000e+00
-9.830160257724772421e+00;1.136211360782967184e+01;4.000000000000000000e+00;4.000000000000000000e+00
-9.918097265161543774e+00;1.140634252435500606e+01;4.000000000000000000e+00;4.000000000000000000e+00
-1.000616568490921843e+01;1.145049510949972849e+01;4.000000000000000000e+00;4.000000000000000000e+00
-1.009436768770468262e+01;1.149457601393547002e+01;4.000000000000000000e+00;4.000000000000000000e+00
-1.018270535056331916e+01;1.153859013139347489e+01;4.000000000000000000e+00;4.000000000000000000e+00
-1.027118065677901271e+01;1.158254259866459179e+01;4.000000000000000000e+00;4.000000000000000000e+00
-1.035979549592416227e+01;1.162643879559928273e+01;4.000000000000000000e+00;4.000000000000000000e+00
-1.044855166384966516e+01;1.167028434510761592e+01;4.000000000000000000e+00;4.000000000000000000e+00
-1.053745086268492059e+01;1.171408511315928180e+01;4.000000000000000000e+00;4.000000000000000000e+00
-1.062649470083784209e+01;1.175784720878356104e+01;4.000000000000000000e+00;4.000000000000000000e+00
-1.071568469299482729e+01;1.180157698406935118e+01;4.000000000000000000e+00;4.000000000000000000e+00
-1.080502226012080413e+01;1.184528103416517375e+01;4.000000000000000000e+00;4.000000000000000000e+00
-1.089450872945919357e+01;1.188896619727913517e+01;4.000000000000000000e+00;4.000000000000000000e+00
-1.098414533453191488e+01;1.193263955467897297e+01;4.000000000000000000e+00;4.000000000000000000e+00
-1.107393321388037677e+01;1.197630843552397195e+01;4.000000000000000000e+00;4.000000000000000000e+00
-1.116387332530024779e+01;1.201998074601941369e+01;4.000000000000000000e+00;4.000000000000000000e+00
-1.125396619782388008e+01;1.206366592127204918e+01;4.000000000000000000e+00;4.000000000000000000e+00
-1.134421185343161476e+01;1.210737522575073832e+01;4.000000000000000000e+00;4.000000000000000000e+00
-1.143460980613316380e+01;1.215112175681194273e+01;4.000000000000000000e+00;4.000000000000000000e+00
-1.152515906196760831e+01;1.219492044469971681e+01;4.000000000000000000e+00;4.000000000000000000e+00
-1.161585811900340559e+01;1.223878805254571489e+01;4.000000000000000000e+00;4.000000000000000000e+00
-1.170670496733839450e+01;1.228274317636918944e+01;4.000000000000000000e+00;4.000000000000000000e+00
-1.179769708909979364e+01;1.232680624507699108e+01;4.000000000000000000e+00;4.000000000000000000e+00
-1.188883145844418365e+01;1.237099952046356677e+01;4.000000000000000000e+00;4.000000000000000000e+00
-1.198010454155752669e+01;1.241534709721096519e+01;4.000000000000000000e+00;4.000000000000000000e+00
-1.207151229665515402e+01;1.245987490288881894e+01;4.000000000000000000e+00;4.000000000000000000e+00
-1.216305017398178023e+01;1.250461069795437297e+01;4.000000000000000000e+00;4.000000000000000000e+00
-1.225471311581149614e+01;1.254958407575246859e+01;4.000000000000000000e+00;4.000000000000000000e+00
-1.234649555644776164e+01;1.259482646251553284e+01;4.000000000000000000e+00;4.000000000000000000e+00
-1.243839142222341287e+01;1.264037111736360330e+01;4.000000000000000000e+00;4.000000000000000000e+00
-1.253039413150066750e+01;1.268625313230430862e+01;4.000000000000000000e+00;4.000000000000000000e+00
-1.262249659467109630e+01;1.273250943223287024e+01;4.000000000000000000e+00;4.000000000000000000e+00
-1.271469121415568360e+01;1.277917877493212018e+01;4.000000000000000000e+00;4.000000000000000000e+00
-1.280696988440475259e+01;1.282630175107247439e+01;4.000000000000000000e+00;4.000000000000000000e+00
-1.289932399189802226e+01;1.287392078421196473e+01;4.000000000000000000e+00;4.000000000000000000e+00
-1.299174441514457534e+01;1.292208013021816626e+01;4.000000000000000000e+00;4.000000000000000000e+00
-1.308422152468287081e+01;1.297082483399734443e+01;4.000000000000000000e+00;4.000000000000000000e+00
-1.317674518308076337e+01;1.302019378792865645e+01;4.000000000000000000e+00;4.000000000000000000e+00
-1.326930474493545908e+01;1.307021505594304145e+01;4.000000000000000000e+00;4.000000000000000000e+00
-1.336188905687353490e+01;1.312090563172465352e+01;4.000000000000000000e+00;4.000000000000000000e+00
-1.345448645755096884e+01;1.317227143871084039e+01;4.000000000000000000e+00;4.000000000000000000e+00
-1.354708477765309027e+01;1.322430733009216297e+01;4.000000000000000000e+00;4.000000000000000000e+00
-1.363967133989461722e+01;1.327699708881237761e+01;4.000000000000000000e+00;4.000000000000000000e+00
-1.373223295901963859e+01;1.333031342756845206e+01;4.000000000000000000e+00;4.000000000000000000e+00
-1.382475594180161593e+01;1.338421798881053348e+01;4.000000000000000000e+00;4.000000000000000000e+00
-1.391722608704339237e+01;1.343866134474199114e+01;4.000000000000000000e+00;4.000000000000000000e+00
-1.400962868557717655e+01;1.349358299731939681e+01;4.000000000000000000e+00;4.000000000000000000e+00
-1.410194852026456580e+01;1.354891137825252123e+01;4.000000000000000000e+00;4.000000000000000000e+00
-1.419416986599651764e+01;1.360456384900433946e+01;4.000000000000000000e+00;4.000000000000000000e+00
-1.428627648969337294e+01;1.366044670079101842e+01;4.000000000000000000e+00;4.000000000000000000e+00
-1.437825165030485408e+01;1.371645515458193998e+01;4.000000000000000000e+00;4.000000000000000000e+00
-1.447007809881002949e+01;1.377247336109967257e+01;4.000000000000000000e+00;4.000000000000000000e+00
-1.456173807821738997e+01;1.382837440082001912e+01;4.000000000000000000e+00;4.000000000000000000e+00
-1.465321332356476347e+01;1.388402028397194243e+01;4.000000000000000000e+00;4.000000000000000000e+00
-1.474448506191937192e+01;1.393926195053763806e+01;4.000000000000000000e+00;4.000000000000000000e+00
-1.483553401237779212e+01;1.399393930830236421e+01;4.000000000000000000e+00;4.000000000000000000e+00
-1.492634038606599489e+01;1.404788394406815755e+01;4.000000000000000000e+00;4.000000000000000000e+00
-1.501688388613933078e+01;1.410092711352101880e+01;4.000000000000000000e+00;4.000000000000000000e+00
-1.510714370778251237e+01;1.415290231188616943e+01;4.000000000000000000e+00;4.000000000000000000e+00
-1.519709853820962131e+01;1.420364530558527960e+01;4.000000000000000000e+00;4.000000000000000000e+00
-1.528672655666413327e+01;1.425299413223641487e+01;4.000000000000000000e+00;4.000000000000000000e+00
-1.537600543441887702e+01;1.430078910065409481e+01;4.000000000000000000e+00;4.000000000000000000e+00
-1.546491233477607885e+01;1.434687279084923617e+01;4.000000000000000000e+00;4.000000000000000000e+00
-1.555342391306733774e+01;1.439109005402918662e+01;4.000000000000000000e+00;4.000000000000000000e+00
-1.564151631665360576e+01;1.443328801259772476e+01;4.000000000000000000e+00;4.000000000000000000e+00
-1.572916518492523430e+01;1.447331606015503169e+01;4.000000000000000000e+00;4.000000000000000000e+00
-1.581634564930192788e+01;1.451102586149771945e+01;4.000000000000000000e+00;4.000000000000000000e+00
-1.590303233323279031e+01;1.454627135261883808e+01;4.000000000000000000e+00;4.000000000000000000e+00
-1.598919935219628741e+01;1.457890874070782949e+01;4.000000000000000000e+00;4.000000000000000000e+00
-1.607482031370025766e+01;1.460879650415058428e+01;4.000000000000000000e+00;4.000000000000000000e+00
-1.615986831728192286e+01;1.463579539252940087e+01;4.000000000000000000e+00;4.000000000000000000e+00
-1.624431595450786148e+01;1.465976842662299973e+01;4.000000000000000000e+00;4.000000000000000000e+00
-1.632813530897405840e+01;1.468058089840653402e+01;4.000000000000000000e+00;4.000000000000000000e+00
-1.641129795630585519e+01;1.469810037105156297e+01;4.000000000000000000e+00;4.000000000000000000e+00
-1.649377496415796074e+01;1.471219667892608918e+01;4.000000000000000000e+00;4.000000000000000000e+00
-1.657553689221447613e+01;1.472274192759451950e+01;4.000000000000000000e+00;4.000000000000000000e+00
-1.665655379218885201e+01;1.472961049381767751e+01;4.000000000000000000e+00;4.000000000000000000e+00
-1.673679520782395258e+01;1.473267902555283371e+01;4.000000000000000000e+00;4.000000000000000000e+00
-1.681623017489199157e+01;1.473182644195365754e+01;4.000000000000000000e+00;4.000000000000000000e+00
-1.689482722119456071e+01;1.472693393348219715e+01;4.000000000000000000e+00;4.000000000000000000e+00
-1.697255436656262262e+01;1.471788614855971034e+01;4.000000000000000000e+00;4.000000000000000000e+00
-1.704937912285652502e+01;1.470458077803103514e+01;4.000000000000000000e+00;4.000000000000000000e+00
-1.712526849396598294e+01;1.468693610626736934e+01;4.000000000000000000e+00;4.000000000000000000e+00
-1.720018897581010009e+01;1.466489150457737622e+01;4.000000000000000000e+00;4.000000000000000000e+00
-1.727410655633734748e+01;1.463840743120724497e+01;4.000000000000000000e+00;4.000000000000000000e+00
-1.734698671552555282e+01;1.460746543134065334e+01;4.000000000000000000e+00;4.000000000000000000e+00
-1.741879442538195022e+01;1.457206813709878368e+01;4.000000000000000000e+00;4.000000000000000000e+00
-1.748949414994312690e+01;1.453223926754032114e+01;4.000000000000000000e+00;4.000000000000000000e+00
-1.755904984527505519e+01;1.448802362866143056e+01;4.000000000000000000e+00;4.000000000000000000e+00
-1.762742495947308186e+01;1.443948711339578850e+01;4.000000000000000000e+00;4.000000000000000000e+00
-1.769458243266192454e+01;1.438671670161458671e+01;4.000000000000000000e+00;4.000000000000000000e+00
-1.776048469699567534e+01;1.432982046012648603e+01;4.000000000000000000e+00;4.000000000000000000e+00
-1.782509367665780431e+01;1.426892754267767316e+01;4.000000000000000000e+00;4.000000000000000000e+00
-1.788837078786115953e+01;1.420418818995181098e+01;4.000000000000000000e+00;4.000000000000000000e+00
-1.795027693884796705e+01;1.413577372957008293e+01;4.000000000000000000e+00;4.000000000000000000e+00
-1.801077252988982025e+01;1.406387657609115927e+01;4.000000000000000000e+00;4.000000000000000000e+00
-1.806981745328768341e+01;1.398871023101120947e+01;4.000000000000000000e+00;4.000000000000000000e+00
-1.812737141532677398e+01;1.391050829625720908e+01;4.000000000000000000e+00;4.000000000000000000e+00
-1.818339806218449084e+01;1.382951183193131506e+01;4.000000000000000000e+00;4.000000000000000000e+00
-1.823786959791382856e+01;1.374595520627929268e+01;4.000000000000000000e+00;4.000000000000000000e+00
-1.829076727127723245e+01;1.366006460397582245e+01;4.000000000000000000e+00;4.000000000000000000e+00
-1.834208137574940878e+01;1.357205802611584389e+01;4.000000000000000000e+00;4.000000000000000000e+00
-1.839181124951731050e+01;1.348214529021456265e+01;4.000000000000000000e+00;4.000000000000000000e+00
-1.843996527548015507e+01;1.339052803020742566e+01;4.000000000000000000e+00;4.000000000000000000e+00
-1.848656088124942087e+01;1.329739969645015130e+01;4.000000000000000000e+00;4.000000000000000000e+00
-1.853162453914885432e+01;1.320294555571869921e+01;4.000000000000000000e+00;4.000000000000000000e+00
-1.857519176621444501e+01;1.310734269120930229e+01;4.000000000000000000e+00;4.000000000000000000e+00
-1.861730712419444345e+01;1.301076000253844178e+01;4.000000000000000000e+00;4.000000000000000000e+00
-1.865802421954937884e+01;1.291335820574285265e+01;4.000000000000000000e+00;4.000000000000000000e+00
-1.869740570345202357e+01;1.281528983327952709e+01;4.000000000000000000e+00;4.000000000000000000e+00
-1.873552327178739674e+01;1.271669923402571811e+01;4.000000000000000000e+00;4.000000000000000000e+00
-1.877245766515281034e+01;1.261772257327893776e+01;4.000000000000000000e+00;4.000000000000000000e+00
-1.880829866885780532e+01;1.251848783275695709e+01;4.000000000000000000e+00;4.000000000000000000e+00
-1.884314511292420491e+01;1.241911481059777245e+01;4.000000000000000000e+00;4.000000000000000000e+00
-1.887710487208607191e+01;1.231971512135968005e+01;4.000000000000000000e+00;4.000000000000000000e+00
-1.891029486578974783e+01;1.222039219602121385e+01;4.000000000000000000e+00;4.000000000000000000e+00
-1.894284105819381381e+01;1.212124128198115613e+01;4.000000000000000000e+00;4.000000000000000000e+00
-1.897487845816912611e+01;1.202234944305856956e+01;4.000000000000000000e+00;4.000000000000000000e+00
-1.900655111929879126e+01;1.192379555949273851e+01;4.000000000000000000e+00;4.000000000000000000e+00
-1.903801213987817675e+01;1.182565032794323479e+01;4.000000000000000000e+00;4.000000000000000000e+00
-1.906942366291491808e+01;1.172797626148986794e+01;4.000000000000000000e+00;4.000000000000000000e+00
-1.910095683388132315e+01;1.163082768963272251e+01;4.000000000000000000e+00;4.000000000000000000e+00
-1.913278775949631338e+01;1.153425075829212609e+01;4.000000000000000000e+00;4.000000000000000000e+00
-1.916508412550604135e+01;1.143828342980865820e+01;4.000000000000000000e+00;4.000000000000000000e+00
-1.919800036353909078e+01;1.134295548294316447e+01;4.000000000000000000e+00;4.000000000000000000e+00
-1.923167757262774913e+01;1.124828851287674958e+01;4.000000000000000000e+00;4.000000000000000000e+00
-1.926624351920802525e+01;1.115429593121076479e+01;4.000000000000000000e+00;4.000000000000000000e+00
-1.930181263711962458e+01;1.106098296596683994e+01;4.000000000000000000e+00;4.000000000000000000e+00
-1.933848602760594204e+01;1.096834666158682126e+01;4.000000000000000000e+00;4.000000000000000000e+00
-1.937635145931408687e+01;1.087637587893284596e+01;4.000000000000000000e+00;4.000000000000000000e+00
-1.941548336829488974e+01;1.078505129528729256e+01;4.000000000000000000e+00;4.000000000000000000e+00
-1.945594285800285306e+01;1.069434540435280567e+01;4.000000000000000000e+00;4.000000000000000000e+00
-1.949777769929620064e+01;1.060422251625229073e+01;4.000000000000000000e+00;4.000000000000000000e+00
-1.954102233043687420e+01;1.051463875752888022e+01;4.000000000000000000e+00;4.000000000000000000e+00
-1.958569785709048006e+01;1.042554207114599762e+01;4.000000000000000000e+00;4.000000000000000000e+00
-1.963181205232636728e+01;1.033687221648730059e+01;4.000000000000000000e+00;4.000000000000000000e+00
-1.967935935661756375e+01;1.024856076935671645e+01;4.000000000000000000e+00;4.000000000000000000e+00
-1.972832087784081878e+01;1.016053112197843156e+01;4.000000000000000000e+00;4.000000000000000000e+00
-1.977866439127657827e+01;1.007269848299686466e+01;4.000000000000000000e+00;4.000000000000000000e+00
-1.983034433128984730e+01;9.984969897557212093e+00;4.000000000000000000e+00;4.000000000000000000e+00
-1.988330041082765121e+01;9.897247579520485061e+00;4.000000000000000000e+00;4.000000000000000000e+00
-1.993745210241935695e+01;9.809442233057280802e+00;4.000000000000000000e+00;4.000000000000000000e+00
-1.999269625394990157e+01;9.721478807621835472e+00;4.000000000000000000e+00;4.000000000000000000e+00
-2.004890703194404011e+01;9.633296634850861295e+00;4.000000000000000000e+00;4.000000000000000000e+00
-2.010593592156632425e+01;9.544849428563559002e+00;4.000000000000000000e+00;4.000000000000000000e+00
-2.016361172662109880e+01;9.456105284761605390e+00;4.000000000000000000e+00;4.000000000000000000e+00
-2.022174056955252652e+01;9.367046681629146221e+00;4.000000000000000000e+00;4.000000000000000000e+00
-2.028010589144457043e+01;9.277670479532817538e+00;4.000000000000000000e+00;4.000000000000000000e+00
-2.033846845202099374e+01;9.187987921021706583e+00;4.000000000000000000e+00;4.000000000000000000e+00
-2.039656632964535987e+01;9.098024630827408643e+00;4.000000000000000000e+00;4.000000000000000000e+00
-2.045411492132105025e+01;9.007820615863968428e+00;4.000000000000000000e+00;4.000000000000000000e+00
-2.051080694269122873e+01;8.917430265227933361e+00;4.000000000000000000e+00;4.000000000000000000e+00
-2.056631242803887005e+01;8.826922350198310951e+00;4.000000000000000000e+00;4.000000000000000000e+00
-2.062027873028676694e+01;8.736380024236582997e+00;4.000000000000000000e+00;4.000000000000000000e+00
-2.067233052099750168e+01;8.645900822986718026e+00;4.000000000000000000e+00;4.000000000000000000e+00
-2.072206979037346386e+01;8.555596664275157082e+00;4.000000000000000000e+00;4.000000000000000000e+00
-2.076907584725683620e+01;8.465593848110822606e+00;4.000000000000000000e+00;4.000000000000000000e+00
-2.081290531912961583e+01;8.376033056685114886e+00;4.000000000000000000e+00;4.000000000000000000e+00
-2.085309325053759721e+01;8.287068927774365434e+00;4.000000000000000000e+00;4.000000000000000000e+00
-2.088917755888976302e+01;8.198860556783015952e+00;4.000000000000000000e+00;4.000000000000000000e+00
-2.092073872608871099e+01;8.111556081610924451e+00;4.000000000000000000e+00;4.000000000000000000e+00
-2.094740643831017834e+01;8.025290103946423059e+00;4.000000000000000000e+00;4.000000000000000000e+00
-2.096885959325686954e+01;7.940183686449143963e+00;4.000000000000000000e+00;4.000000000000000000e+00
-2.098482630015844208e+01;7.856344352750006088e+00;4.000000000000000000e+00;4.000000000000000000e+00
-2.099508387977149937e+01;7.773866087451247964e+00;4.000000000000000000e+00;4.000000000000000000e+00
-2.099945886437961917e+01;7.692829336126393969e+00;4.000000000000000000e+00;4.000000000000000000e+00
-2.099782699779329320e+01;7.613301005320280979e+00;4.000000000000000000e+00;4.000000000000000000e+00
-2.099011323535000173e+01;7.535334462549039714e+00;4.000000000000000000e+00;4.000000000000000000e+00
-2.097629174391417450e+01;7.458969536300095626e+00;4.000000000000000000e+00;4.000000000000000000e+00
-2.095638590187717654e+01;7.384232516032181337e+00;4.000000000000000000e+00;4.000000000000000000e+00
-2.093046829915732943e+01;7.311136152175329528e+00;4.000000000000000000e+00;4.000000000000000000e+00
-2.089866073719992201e+01;7.239679656130870278e+00;4.000000000000000000e+00;4.000000000000000000e+00
-2.086113422897719261e+01;7.169848700271436392e+00;4.000000000000000000e+00;4.000000000000000000e+00
-2.081810899898833256e+01;7.101615417940957187e+00;4.000000000000000000e+00;4.000000000000000000e+00
-2.076985444926279456e+01;7.034938411860149898e+00;4.000000000000000000e+00;4.000000000000000000e+00
-2.071668137723981573e+01;6.969764678211988418e+00;4.000000000000000000e+00;4.000000000000000000e+00
-2.065890778202674483e+01;6.906038060851744653e+00;4.000000000000000000e+00;4.000000000000000000e+00
-2.059684275752091054e+01;6.843703233641884154e+00;4.000000000000000000e+00;4.000000000000000000e+00
-2.053078603923784584e+01;6.782705812496231168e+00;4.000000000000000000e+00;4.000000000000000000e+00
-2.046102800431121338e+01;6.722992355380013940e+00;4.000000000000000000e+00;4.000000000000000000e+00
-2.038784967149284100e+01;6.664510362309830072e+00;4.000000000000000000e+00;4.000000000000000000e+00
-2.031152270115269687e+01;6.607208275353657179e+00;4.000000000000000000e+00;4.000000000000000000e+00
-2.023230939527894279e+01;6.551035478630864439e+00;4.000000000000000000e+00;4.000000000000000000e+00
-2.015046269747784891e+01;6.495942298312179730e+00;4.000000000000000000e+00;4.000000000000000000e+00
-2.006622619297387899e+01;6.441880002619730483e+00;4.000000000000000000e+00;4.000000000000000000e+00
-1.997983410860963005e+01;6.388800801827013487e+00;4.000000000000000000e+00;4.000000000000000000e+00
-1.989151131284587137e+01;6.336657848258913539e+00;4.000000000000000000e+00;4.000000000000000000e+00
-1.980147331576151970e+01;6.285405236291689235e+00;4.000000000000000000e+00;4.000000000000000000e+00
-1.970992626905363565e+01;6.234998002352980961e+00;4.000000000000000000e+00;4.000000000000000000e+00
-1.961706696603745925e+01;6.185392124921807344e+00;4.000000000000000000e+00;4.000000000000000000e+00
-1.952308284164638152e+01;6.136544524528573241e+00;4.000000000000000000e+00;4.000000000000000000e+00
-1.942815197243193026e+01;6.088413063755059085e+00;4.000000000000000000e+00;4.000000000000000000e+00
-1.933244307656382688e+01;6.040956547234428875e+00;4.000000000000000000e+00;4.000000000000000000e+00
-1.923611551382989049e+01;5.994134721651221298e+00;4.000000000000000000e+00;4.000000000000000000e+00
-1.913931928563615514e+01;5.947908275741360384e+00;4.000000000000000000e+00;4.000000000000000000e+00
-1.904219503500678456e+01;5.902238840292147515e+00;4.000000000000000000e+00;4.000000000000000000e+00
-1.894487404658408991e+01;5.857088988142263197e+00;4.000000000000000000e+00;4.000000000000000000e+00
-1.884747824662856530e+01;5.812422234181776837e+00;4.000000000000000000e+00;4.000000000000000000e+00
-1.875012020301883098e+01;5.768203035352123642e+00;4.000000000000000000e+00;4.000000000000000000e+00
-1.865290312525167593e+01;5.724396790646132160e+00;4.000000000000000000e+00;4.000000000000000000e+00
-1.855592086444205435e+01;5.680969841108000296e+00;4.000000000000000000e+00;4.000000000000000000e+00
-1.845925791332306076e+01;5.637889469833313960e+00;4.000000000000000000e+00;4.000000000000000000e+00
-1.836298940624596554e+01;5.595123901969040858e+00;4.000000000000000000e+00;4.000000000000000000e+00
-1.826718111918016874e+01;5.552642304713518939e+00;4.000000000000000000e+00;4.000000000000000000e+00
-1.817188946971323915e+01;5.510414787316475049e+00;4.000000000000000000e+00;4.000000000000000000e+00
-1.807716151705091789e+01;5.468412401079011609e+00;4.000000000000000000e+00;4.000000000000000000e+00
-1.798303496201707574e+01;5.426607139353615494e+00;4.000000000000000000e+00;4.000000000000000000e+00
-1.788953814705375933e+01;5.384971937544151821e+00;4.000000000000000000e+00;4.000000000000000000e+00
-1.779669005622114852e+01;5.343480673105861278e+00;4.000000000000000000e+00;4.000000000000000000e+00
-1.770450031519759904e+01;5.302108165545368124e+00;4.000000000000000000e+00;4.000000000000000000e+00
-1.761296919127962468e+01;5.260830176420683735e+00;4.000000000000000000e+00;4.000000000000000000e+00
-1.752208759338187960e+01;5.219623409341187958e+00;4.000000000000000000e+00;4.000000000000000000e+00
-1.743183707203719379e+01;5.178465509967653979e+00;4.000000000000000000e+00;4.000000000000000000e+00
-1.734218981939652338e+01;5.137335066012215457e+00;4.000000000000000000e+00;4.000000000000000000e+00
-1.725310866922901454e+01;5.096211607238409158e+00;4.000000000000000000e+00;4.000000000000000000e+00
-1.716454711973981517e+01;5.055075605461133215e+00;4.000000000000000000e+00;4.000000000000000000e+00
-1.707645144250128055e+01;5.013908474546678207e+00;4.000000000000000000e+00;4.000000000000000000e+00
-1.698876757588059760e+01;4.972692570412715618e+00;4.000000000000000000e+00;4.000000000000000000e+00
-1.690144358327403040e+01;4.931411191028280960e+00;4.000000000000000000e+00;4.000000000000000000e+00
-1.681442969187805403e+01;4.890048576413805748e+00;4.000000000000000000e+00;4.000000000000000000e+00
-1.672767829268933326e+01;4.848589908641099733e+00;4.000000000000000000e+00;4.000000000000000000e+00
-1.664114394050476520e+01;4.807021311833347355e+00;4.000000000000000000e+00;4.000000000000000000e+00
-1.655478335392145439e+01;4.765329852165121949e+00;4.000000000000000000e+00;4.000000000000000000e+00
-1.646855541533667378e+01;4.723503537862359991e+00;4.000000000000000000e+00;4.000000000000000000e+00
-1.638242117094795347e+01;4.681531319202397512e+00;4.000000000000000000e+00;4.000000000000000000e+00
-1.629634383075300974e+01;4.639403088513940787e+00;4.000000000000000000e+00;4.000000000000000000e+00
-1.621028876854976275e+01;4.597109680177075219e+00;4.000000000000000000e+00;4.000000000000000000e+00
-1.612422352193636499e+01;4.554642870623275996e+00;4.000000000000000000e+00;4.000000000000000000e+00
-1.603811779231114443e+01;4.511995378335383222e+00;4.000000000000000000e+00;4.000000000000000000e+00
-1.595194344487265781e+01;4.469160863847630338e+00;4.000000000000000000e+00;4.000000000000000000e+00
-1.586567450861967288e+01;4.426133929745626361e+00;4.000000000000000000e+00;4.000000000000000000e+00
-1.577928717635115419e+01;4.382910120666358544e+00;4.000000000000000000e+00;4.000000000000000000e+00
-1.569275980466628972e+01;4.339485923298201264e+00;4.000000000000000000e+00;4.000000000000000000e+00
-1.560607291396445362e+01;4.295858766380896476e+00;4.000000000000000000e+00;4.000000000000000000e+00
-1.551920918844524699e+01;4.252027020705578586e+00;4.000000000000000000e+00;4.000000000000000000e+00
-1.543215347610847843e+01;4.207989999114755797e+00;4.000000000000000000e+00;4.000000000000000000e+00
-1.534489278875414975e+01;4.163747956502318104e+00;4.000000000000000000e+00;4.000000000000000000e+00
-1.525741630198250043e+01;4.119302089813540846e+00;4.000000000000000000e+00;4.000000000000000000e+00
-1.516971535519393477e+01;4.074654538045066055e+00;4.000000000000000000e+00;4.000000000000000000e+00
-1.508178345158911249e+01;4.029808382244929099e+00;4.000000000000000000e+00;4.000000000000000000e+00
-1.499361625816886701e+01;3.984767645512540035e+00;4.000000000000000000e+00;4.000000000000000000e+00
-1.490521160573426407e+01;3.939537292998689821e+00;4.000000000000000000e+00;4.000000000000000000e+00
-1.481656948888656622e+01;3.894123231905552540e+00;4.000000000000000000e+00;4.000000000000000000e+00
-1.472769206602723635e+01;3.848532311486676072e+00;4.000000000000000000e+00;4.000000000000000000e+00
-1.463858365935795369e+01;3.802772323046990977e+00;4.000000000000000000e+00;4.000000000000000000e+00
-1.454925075488062092e+01;3.756851999942811382e+00;4.000000000000000000e+00;4.000000000000000000e+00
-1.445970200239732506e+01;3.710781017581828767e+00;4.000000000000000000e+00;4.000000000000000000e+00
-1.436994821551038193e+01;3.664569993423119065e+00;4.000000000000000000e+00;4.000000000000000000e+00
-1.428000237162229347e+01;3.618230486977127569e+00;4.000000000000000000e+00;4.000000000000000000e+00
-1.418987961193578684e+01;3.571774999805690243e+00;4.000000000000000000e+00;4.000000000000000000e+00
-1.409959724145380200e+01;3.525216975522021290e+00;4.000000000000000000e+00;4.000000000000000000e+00
-1.400917461149921017e+01;3.478570737112737010e+00;4.000000000000000000e+00;4.000000000000000000e+00
-1.391863180125399602e+01;3.431850783513664460e+00;4.000000000000000000e+00;4.000000000000000000e+00
-1.382798827935869745e+01;3.385071075547428698e+00;4.000000000000000000e+00;4.000000000000000000e+00
-1.373726277978502708e+01;3.338244969699117881e+00;4.000000000000000000e+00;4.000000000000000000e+00
-1.364647330183584550e+01;3.291385218116261502e+00;4.000000000000000000e+00;4.000000000000000000e+00
-1.355563711014516315e+01;3.244503968608837940e+00;4.000000000000000000e+00;4.000000000000000000e+00
-1.346477073467815622e+01;3.197612764649278905e+00;4.000000000000000000e+00;4.000000000000000000e+00
-1.337388997073114361e+01;3.150722545372449446e+00;4.000000000000000000e+00;4.000000000000000000e+00
-1.328300987893160112e+01;3.103843645575679933e+00;4.000000000000000000e+00;4.000000000000000000e+00
-1.319214478523817569e+01;3.056985795718738075e+00;4.000000000000000000e+00;4.000000000000000000e+00
-1.310130828094064270e+01;3.010158121923843133e+00;4.000000000000000000e+00;4.000000000000000000e+00
-1.301051322265995580e+01;2.963369145975666807e+00;4.000000000000000000e+00;4.000000000000000000e+00
-1.291977173234820775e+01;2.916626785321316362e+00;4.000000000000000000e+00;4.000000000000000000e+00
-1.282909519728864822e+01;2.869938353070358161e+00;4.000000000000000000e+00;4.000000000000000000e+00
-1.273849427009569091e+01;2.823310557994803460e+00;4.000000000000000000e+00;4.000000000000000000e+00
-1.264797886871489929e+01;2.776749504529110180e+00;4.000000000000000000e+00;4.000000000000000000e+00
-1.255755817642299199e+01;2.730260692770191788e+00;4.000000000000000000e+00;4.000000000000000000e+00
-1.246724064182782854e+01;2.683849018477394210e+00;4.000000000000000000e+00;4.000000000000000000e+00
-1.237703397886844847e+01;2.637518773072524692e+00;4.000000000000000000e+00;4.000000000000000000e+00
-1.228694516681502868e+01;2.591273643639834035e+00;4.000000000000000000e+00;4.000000000000000000e+00
-1.219698045026890476e+01;2.545116712926023261e+00;4.000000000000000000e+00;4.000000000000000000e+00
-1.210714533916257629e+01;2.499050459340240948e+00;4.000000000000000000e+00;4.000000000000000000e+00
-1.201744460875967668e+01;2.453076756954076121e+00;4.000000000000000000e+00;4.000000000000000000e+00
-1.192788229965500868e+01;2.407196875501576461e+00;4.000000000000000000e+00;4.000000000000000000e+00
-1.183846171777453371e+01;2.361411480379232763e+00;4.000000000000000000e+00;4.000000000000000000e+00
-1.174918543437536123e+01;2.315720632645985155e+00;4.000000000000000000e+00;4.000000000000000000e+00
-1.166005528604576114e+01;2.270123789023224425e+00;4.000000000000000000e+00;4.000000000000000000e+00
-1.157107237470513539e+01;2.224619801894777815e+00;4.000000000000000000e+00;4.000000000000000000e+00
-1.148223706760407126e+01;2.179206919306934331e+00;4.000000000000000000e+00;4.000000000000000000e+00
-1.139354899732429693e+01;2.133882784968423874e+00;4.000000000000000000e+00;4.000000000000000000e+00
-1.130500706177869574e+01;2.088644438250428781e+00;4.000000000000000000e+00;4.000000000000000000e+00
-1.121660942421130969e+01;2.043488314186576282e+00;4.000000000000000000e+00;4.000000000000000000e+00
-1.112835351319732702e+01;1.998410243472938497e+00;4.000000000000000000e+00;4.000000000000000000e+00
-1.104023602264309645e+01;1.953405452468041315e+00;4.000000000000000000e+00;4.000000000000000000e+00
-1.095225291178612359e+01;1.908468563192857292e+00;4.000000000000000000e+00;4.000000000000000000e+00
-1.086439940519506386e+01;1.863593593330805431e+00;4.000000000000000000e+00;4.000000000000000000e+00
-1.077666999276973492e+01;1.818773956227756727e+00;4.000000000000000000e+00;4.000000000000000000e+00
-1.068905842974109532e+01;1.774002460892021515e+00;4.000000000000000000e+00;4.000000000000000000e+00
-1.060155773667127121e+01;1.729271311994366789e+00;4.000000000000000000e+00;4.000000000000000000e+00
-1.051416019945354208e+01;1.684572109868004208e+00;4.000000000000000000e+00;4.000000000000000000e+00
-1.042685736931233542e+01;1.639895850508593877e+00;4.000000000000000000e+00;4.000000000000000000e+00
-1.033964006280324988e+01;1.595232925574247229e+00;4.000000000000000000e+00;4.000000000000000000e+00
-1.025249836181300722e+01;1.550573122385514369e+00;4.000000000000000000e+00;4.000000000000000000e+00
-1.016542161355951457e+01;1.505905623925401615e+00;4.000000000000000000e+00;4.000000000000000000e+00
-1.007839843059181995e+01;1.461219008839362399e+00;4.000000000000000000e+00;4.000000000000000000e+00
-9.991416690790131838e+00;1.416501251435296149e+00;4.000000000000000000e+00;4.000000000000000000e+00
-9.904463537365810311e+00;1.371739721683554292e+00;4.000000000000000000e+00;4.000000000000000000e+00
-9.817525378861363450e+00;1.326921185216927368e+00;4.000000000000000000e+00;4.000000000000000000e+00
-9.730587889150466907e+00;1.282031803330662356e+00;4.000000000000000000e+00;4.000000000000000000e+00
-9.643636007437940805e+00;1.237057132982451790e+00;4.000000000000000000e+00;4.000000000000000000e+00
-9.556653938259771053e+00;1.191982126792436647e+00;4.000000000000000000e+00;4.000000000000000000e+00
-9.469625151483091585e+00;1.146791133043207678e+00;4.000000000000000000e+00;4.000000000000000000e+00
-9.382532382306180807e+00;1.101467895679795417e+00;4.000000000000000000e+00;4.000000000000000000e+00
-9.295357631258493569e+00;1.055995554309688167e+00;4.000000000000000000e+00;4.000000000000000000e+00
-9.208082164200620312e+00;1.010356644202817344e+00;4.000000000000000000e+00;4.000000000000000000e+00
-9.120686512324317263e+00;9.645330962915645845e-01;4.000000000000000000e+00;4.000000000000000000e+00
-9.033150472152497557e+00;9.185062371707611861e-01;4.000000000000000000e+00;4.000000000000000000e+00
-8.945453105539217020e+00;8.722567890976775651e-01;4.000000000000000000e+00;4.000000000000000000e+00
-8.857572739669690165e+00;8.257648699920420166e-01;4.000000000000000000e+00;4.000000000000000000e+00
-8.769486967060295513e+00;7.790099934360267264e-01;4.000000000000000000e+00;4.000000000000000000e+00
-8.681172645558554279e+00;7.319710686742528782e-01;4.000000000000000000e+00;4.000000000000000000e+00
-8.592605898343162352e+00;6.846264006137927627e-01;4.000000000000000000e+00;4.000000000000000000e+00
-8.503762113923936994e+00;6.369536898241563438e-01;4.000000000000000000e+00;4.000000000000000000e+00
-8.414615946141879022e+00;5.889300325373119094e-01;4.000000000000000000e+00;4.000000000000000000e+00
-8.325141314169128393e+00;5.405319206476723037e-01;4.000000000000000000e+00;4.000000000000000000e+00
-8.235311402508996181e+00;4.917352417120988695e-01;4.000000000000000000e+00;4.000000000000000000e+00
-8.145098660995936157e+00;4.425152789499039452e-01;4.000000000000000000e+00;4.000000000000000000e+00
-8.054474804795546561e+00;3.928467112428376540e-01;4.000000000000000000e+00;4.000000000000000000e+00
-7.963410814404600302e+00;3.427036131351086645e-01;4.000000000000000000e+00;4.000000000000000000e+00
-7.871876935651016538e+00;2.920594548333699247e-01;4.000000000000000000e+00;4.000000000000000000e+00
-7.779842679693873109e+00;2.408871022067228806e-01;4.000000000000000000e+00;4.000000000000000000e+00
-7.687276823023402095e+00;1.891588167867202797e-01;4.000000000000000000e+00;4.000000000000000000e+00
-7.594147407460971166e+00;1.368462557673520985e-01;4.000000000000000000e+00;4.000000000000000000e+00
-7.500421740159132433e+00;8.392047200506734528e-02;4.000000000000000000e+00;4.000000000000000000e+00
