# s_m; x_m; y_m; psi_rad; kappa_radpm; vx_mps; ax_mps2;w_tr_right_m;w_tr_left_m
0;0;0;-7.54914848293216E-09;0;4;0;2;2
0.1;0.1;0;2.20021184278432E-08;0;4;0;2;2
0.2;0.2;0;-8.04593252028473E-08;0;4;0;2;2
0.3;0.3;0;2.99835182735016E-07;0;4;0;2;2
0.4;0.4;0;-1.11888140084615E-06;0;4;0;2;2
0.5;0.5;0;4.17569048874019E-06;0;4;0;2;2
0.6;0.6;0;-1.55838796042624E-05;0;4;0;2;2
0.7;0.7;0;5.81598410812612E-05;0;4;0;2;2
0.8;0.8;0;-0.000217055297532829;0;4;0;2;2
0.9;0.9;0;0.000810063748786667;0;4;0;2;2
1;1;1.32814766129474E-18;-0.00302315549026399;-0.209439510239319;4;0;2;2
1.1;1.09999451667378;-0.00104719606929817;-0.0201340186854665;-0.209438860006616;4;0;2;2
1.2;1.19994517083309;-0.00418833164031511;-0.0421047887740072;-0.209439858686944;4;0;2;2
1.3;1.29980811923661;-0.00942202171732912;-0.0627737978271169;-0.209439370194364;4;0;2;2
1.4;1.39953955707861;-0.0167459754776208;-0.0837913369587468;-0.209439560270979;4;0;2;2
1.5;1.49909573726168;-0.0261569781459058;-0.104715601061384;-0.209439493482422;4;0;2;2
1.6;1.59843298955621;-0.0376509023817553;-0.12566481659659;-0.209439515627146;4;0;2;2
1.7;1.69750773976829;-0.0512227061168452;-0.146607360455821;-0.209439508555099;4;0;2;2
1.8;1.79627652884924;-0.0668664361795255;-0.167551687436948;-0.209439510755058;4;0;2;2
1.9;1.89469603196029;-0.0845752304342882;-0.188495538060106;-0.209439510083859;4;0;2;2
2;1.99272307747654;-0.104341320943283;-0.209439515884345;-0.209439510285602;4;0;2;2
2.1;2.09031466592429;-0.12615603732643;-0.23038345975764;-0.209439510225678;4;0;2;2
2.2;2.18742798884265;-0.150009810579147;-0.251327412688564;-0.209439510243307;4;0;2;2
2.3;2.28402044756151;-0.175892177265417;-0.27227136320416;-0.209439510238162;4;0;2;2
2.4;2.38004967188733;-0.203791784108875;-0.293215314363536;-0.209439510239653;4;0;2;2
2.5;2.47547353868882;-0.233696392972514;-0.314159265351392;-0.209439510239224;4;0;2;2
2.6;2.57025019037425;-0.265592886227061;-0.335103216384935;-0.209439510239347;4;0;2;2
2.7;2.66433805325216;-0.299467272504966;-0.3560471674063;-0.209439510239312;4;0;2;2
2.8;2.7576958557677;-0.33530469283772;-0.376991118430917;-0.209439510239322;4;0;2;2
2.9;2.85028264660632;-0.373089427173727;-0.397935069454674;-0.209439510239319;4;0;2;2
3;2.94205781265704;-0.412804901273883;-0.418879020478645;-0.20943951023932;4;0;2;2
3.1;3.03298109682734;-0.454433693981857;-0.43982297150257;-0.209439510239319;4;0;2;2
3.2;3.12301261570192;-0.497957544865865;-0.460766922526499;-0.20943951023932;4;0;2;2
3.3;3.2121128770375;-0.543357362228587;-0.481710873550435;-0.20943951023932;4;0;2;2
3.4;3.30024279708607;-0.590613231481729;-0.502654824574375;-0.20943951023932;4;0;2;2
3.5;3.38736371773893;-0.639704423881532;-0.523598775598295;-0.20943951023932;4;0;2;2
3.6;3.47343742348406;-0.690609405621423;-0.544542726622229;-0.20943951023932;4;0;2;2
3.7;3.55842615816927;-0.743305847277795;-0.565486677646166;-0.20943951023932;4;0;2;2
3.8;3.64229264156396;-0.797770633604791;-0.586430628670093;-0.20943951023932;4;0;2;2
3.9;3.72500008571202;-0.853979873673783;-0.607374579694026;-0.20943951023932;4;0;2;2
4;3.80651221106883;-0.911908911353108;-0.628318530717959;-0.20943951023932;4;0;2;2
4.1;3.88679326241528;-0.971532336123456;-0.649262481741892;-0.20943951023932;4;0;2;2
4.2;3.96580802454175;-1.03282399422417;-0.670206432765821;-0.20943951023932;4;0;2;2
4.3;4.04352183769521;-1.09575700012558;-0.691150383789754;-0.20943951023932;4;0;2;2
4.4;4.11990061278271;-1.16030374832229;-0.712094334813694;-0.20943951023932;4;0;2;2
4.5;4.19491084632453;-1.22643592544234;-0.733038285837621;-0.20943951023932;4;0;2;2
4.6;4.26851963515046;-1.29412452266682;-0.753982236861545;-0.20943951023932;4;0;2;2
4.7;4.34069469083269;-1.36333984845457;-0.774926187885481;-0.20943951023932;4;0;2;2
4.8;4.41140435384918;-1.43405154156633;-0.795870138909415;-0.20943951023932;4;0;2;2
4.9;4.48061760747101;-1.50622858438271;-0.816814089933341;-0.20943951023932;4;0;2;2
5;4.5483040913679;-1.57983931650998;-0.83775804095728;-0.20943951023932;4;0;2;2
5.1;4.61443411492569;-1.65485144866794;-0.858701991981207;-0.20943951023932;4;0;2;2
5.2;4.67897867027012;-1.73123207685354;-0.879645943005146;-0.20943951023932;4;0;2;2
5.3;4.74190944499113;-1.80894769677419;-0.900589894029081;-0.20943951023932;4;0;2;2
5.4;4.80319883456203;-1.88796421854441;-0.921533845053004;-0.20943951023932;4;0;2;2
5.5;4.86281995444823;-1.96824698163931;-0.942477796076934;-0.20943951023932;4;0;2;2
5.6;4.92074665190012;-2.04976077009841;-0.963421747100872;-0.20943951023932;4;0;2;2
5.7;4.97695351742493;-2.13246982797307;-0.984365698124803;-0.20943951023932;4;0;2;2
5.8;5.03141589593257;-2.21633787501082;-1.00530964914874;-0.20943951023932;4;0;2;2
5.9;5.08410989755062;-2.30132812256967;-1.02625360017267;-0.20943951023932;4;0;2;2
6;5.13501240810353;-2.38740328975538;-1.04719755119659;-0.20943951023932;4;0;2;2
6.1;5.18410109925169;-2.47452561977472;-1.06814150222053;-0.20943951023932;4;0;2;2
6.2;5.23135443828568;-2.56265689649743;-1.08908545324446;-0.20943951023932;4;0;2;2
6.3;5.27675169757164;-2.65175846121972;-1.11002940426839;-0.20943951023932;4;0;2;2
6.4;5.32027296364336;-2.74179122962185;-1.13097335529233;-0.20943951023932;4;0;2;2
6.5;5.36189914593735;-2.83271570891244;-1.15191730631626;-0.20943951023932;4;0;2;2
6.6;5.40161198516688;-2.92449201515194;-1.17286125734019;-0.20943951023932;4;0;2;2
6.7;5.43939406133141;-3.01707989074769;-1.19380520836412;-0.20943951023932;4;0;2;2
6.8;5.47522880135783;-3.11043872211289;-1.21474915938805;-0.20943951023932;4;0;2;2
6.9;5.50910048637026;-3.20452755748168;-1.23569311041199;-0.20943951023932;4;0;2;2
7;5.5409942585851;-3.29930512487263;-1.25663706143592;-0.20943951023932;4;0;2;2
7.1;5.57089612782839;-3.39472985019261;-1.27758101245985;-0.20943951023932;4;0;2;2
7.2;5.59879297767258;-3.49075987547329;-1.29852496348378;-0.20943951023932;4;0;2;2
7.3;5.62467257119003;-3.58735307723205;-1.31946891450772;-0.20943951023932;4;0;2;2
7.4;5.64852355632076;-3.68446708494943;-1.34041286553164;-0.20943951023932;4;0;2;2
7.5;5.670335470852;-3.7820592996549;-1.36135681655557;-0.20943951023932;4;0;2;2
7.6;5.6900987470074;-3.88008691261289;-1.38230076757952;-0.20943951023932;4;0;2;2
7.7;5.707804715644;-3.97850692410078;-1.40324471860344;-0.20943951023932;4;0;2;2
7.8;5.72344561005487;-4.0772761622707;-1.42418866962736;-0.20943951023932;4;0;2;2
7.9;5.73701456937601;-4.17635130208679;-1.44513262065131;-0.20943951023932;4;0;2;2
8;5.74850564159583;-4.27568888432974;-1.46607657167524;-0.20943951023932;4;0;2;2
8.1;5.75791378616605;-4.37524533466011;-1.48702052269916;-0.20943951023932;4;0;2;2
8.2;5.76523487621266;-4.47497698273216;-1.50796447372311;-0.20943951023932;4;0;2;2
8.3;5.77046570034621;-4.57484008134982;-1.52890842474703;-0.20943951023932;4;0;2;2
8.4;5.7736039640705;-4.67479082565637;-1.54985237577096;-0.20943951023932;4;0;2;2
8.5;5.77464829078902;-4.77478537234939;-1.5707963267949;-0.20943951023932;4;0;2;2
8.6;5.77359822240881;-4.87477985891257;-1.59174027781883;-0.20943951023932;4;0;2;2
8.7;5.77045421954139;-4.97473042285598;-1.61268422884276;-0.20943951023932;4;0;2;2
8.8;5.76521766130076;-5.07459322095632;-1.63362817986669;-0.20943951023932;4;0;2;2
8.9;5.75789084469838;-5.17432444848869;-1.65457213089063;-0.20943951023932;4;0;2;2
9;5.74847698363565;-5.27388035844148;-1.67551608191456;-0.20943951023932;4;0;2;2
9.1;5.73698020749409;-5.373217280706;-1.69646003293848;-0.20943951023932;4;0;2;2
9.2;5.72340555932403;-5.47229164123231;-1.71740398396243;-0.20943951023932;4;0;2;2
9.3;5.70775899363245;-5.57105998114291;-1.73834793498635;-0.20943951023932;4;0;2;2
9.4;5.69004737377107;-5.66947897579598;-1.75929188601028;-0.20943951023932;4;0;2;2
9.5;5.6702784689257;-5.76750545378969;-1.78023583703422;-0.20943951023932;4;0;2;2
9.6;5.64846095070834;-5.86509641589927;-1.80117978805816;-0.20943951023932;4;0;2;2
9.7;5.62460438935338;-5.96220905393858;-1.82212373908208;-0.20943951023932;4;0;2;2
9.8;5.59871924951961;-6.05880076953791;-1.84306769010601;-0.20943951023932;4;0;2;2
9.9;5.57081688569988;-6.15482919282971;-1.86401164112995;-0.20943951023932;4;0;2;2
10;5.54090953724054;-6.25025220103406;-1.88495559215387;-0.20943951023932;4;0;2;2
10.1;5.50901032297258;-6.34502793693584;-1.90589954317781;-0.20943951023932;4;0;2;2
10.2;5.47513323545713;-6.43911482724531;-1.92684349420174;-0.20943951023932;4;0;2;2
10.3;5.43929313484758;-6.53247160083424;-1.94778744522567;-0.20943951023932;4;0;2;2
10.4;5.40150574237124;-6.62505730683941;-1.9687313962496;-0.20943951023932;4;0;2;2
10.5;5.3617876334332;-6.7168313326257;-1.98967534727354;-0.20943951023932;4;0;2;2
10.6;5.32015623034555;-6.80775342160077;-2.01061929829747;-0.20943951023932;4;0;2;2
10.7;5.27662979468513;-6.89778369087359;-2.0315632493214;-0.20943951023932;4;0;2;2
10.8;5.23122741928307;-6.98688264874901;-2.05250720034533;-0.20943951023932;4;0;2;2
10.9;5.18396901984973;-7.07501121205079;-2.07345115136926;-0.20943951023932;4;0;2;2
11;5.13487532623874;-7.16213072326537;-2.09439510239319;-0.20943951023932;4;0;2;2
11.1;5.08396787335383;-7.24820296749897;-2.11533905341713;-0.20943951023932;4;0;2;2
11.2;5.03126899170257;-7.33319018924049;-2.13628300444106;-0.20943951023932;4;0;2;2
11.3;4.97680179760112;-7.41705510892299;-2.15722695546499;-0.20943951023932;4;0;2;2
11.4;4.92059018303427;-7.49976093927626;-2.17817090648892;-0.20943951023932;4;0;2;2
11.5;4.86265880517526;-7.5812714014636;-2.19911485751285;-0.20943951023932;4;0;2;2
11.6;4.80303307556992;-7.66155074099543;-2.22005880853678;-0.20943951023932;4;0;2;2
11.7;4.74173914898991;-7.74056374341302;-2.24100275956072;-0.20943951023932;4;0;2;2
11.8;4.67880391195997;-7.81827574973522;-2.26194671058466;-0.20943951023932;4;0;2;2
11.9;4.61425497096419;-7.89465267166167;-2.28289066160858;-0.20943951023932;4;0;2;2
12;4.54812064033638;-7.96966100652553;-2.30383461263251;-0.20943951023932;4;0;2;2
12.1;4.48042992984011;-8.04326785198943;-2.32477856365644;-0.20943951023932;4;0;2;2
12.2;4.4112125319435;-8.11544092047802;-2.34572251468039;-0.20943951023932;4;0;2;2
12.3;4.34049880879475;-8.18614855334095;-2.36666646570432;-0.20943951023932;4;0;2;2
12.4;4.26831977890373;-8.25535973473982;-2.38761041672823;-0.20943951023932;4;0;2;2
12.5;4.19470710353578;-8.32304410525333;-2.40855436775218;-0.20943951023932;4;0;2;2
12.6;4.11969307282351;-8.38917197519434;-2.42949831877611;-0.20943951023932;4;0;2;2
12.7;4.04331059160278;-8.45371433763329;-2.45044226980003;-0.20943951023932;4;0;2;2
12.8;3.965593164979;-8.51664288112203;-2.47138622082397;-0.20943951023932;4;0;2;2
12.9;3.88657488363016;-8.57793000211259;-2.4923301718479;-0.20943951023932;4;0;2;2
13;3.80629040885299;-8.6375488170655;-2.51327412287184;-0.20943951023932;4;0;2;2
13.1;3.72477495735879;-8.69547317424221;-2.53421807389577;-0.20943951023932;4;0;2;2
13.2;3.6420642858257;-8.75167766517649;-2.55516202491969;-0.20943951023932;4;0;2;2
13.3;3.55819467521402;-8.8061376358199;-2.57610597594362;-0.20943951023932;4;0;2;2
13.4;3.47320291485159;-8.85882919735618;-2.59704992696757;-0.20943951023932;4;0;2;2
13.5;3.38712628629625;-8.90972923668016;-2.6179938779915;-0.20943951023932;4;0;2;2
13.6;3.30000254698225;-8.9588154265362;-2.63893782901542;-0.20943951023932;4;0;2;2
13.7;3.21186991365804;-9.0060662353121;-2.65988178003937;-0.209439510239319;4;0;2;2
13.8;3.12276704562249;-9.05146093648387;-2.68082573106329;-0.20943951023932;4;0;2;2
13.9;3.03273302776702;-9.09497961770743;-2.70176968208722;-0.209439510239317;4;0;2;2
14;2.94180735343109;-9.13660318955312;-2.72271363311114;-0.209439510239328;4;0;2;2
14.1;2.85002990707846;-9.1763133938793;-2.74365758413517;-0.209439510239287;4;0;2;2
14.2;2.75744094680189;-9.2140928118412;-2.76460153515873;-0.209439510239441;4;0;2;2
14.3;2.66408108666399;-9.24992487153175;-2.78554548618402;-0.209439510238862;4;0;2;2
14.4;2.56999127888187;-9.28379385525079;-2.80648943720286;-0.209439510241041;4;0;2;2
14.5;2.47521279586353;-9.31568490639964;-2.82743338824596;-0.209439510232848;4;0;2;2
14.6;2.37978721210372;-9.34558403599795;-2.84837733919782;-0.20943951026365;4;0;2;2
14.7;2.28375638594733;-9.3734781288198;-2.86932129049242;-0.209439510147846;4;0;2;2
14.8;2.18716244122829;-9.39935494914735;-2.89026524050047;-0.209439510583205;4;0;2;2
14.9;2.09004774879196;-9.42320314613548;-2.91120919533559;-0.209439508946581;4;0;2;2
15;1.9924549079092;-9.44501225880043;-2.93215313206778;-0.209439515098745;4;0;2;2
15.1;1.89442672759027;-9.46477272057231;-2.9530971366602;-0.209439491973586;4;0;2;2
15.2;1.79600620780666;-9.48247586362765;-2.97404088698978;-0.209439578893578;4;0;2;2
15.3;1.69723652062921;-9.49811392217953;-2.99498558957555;-0.2094392522057;4;0;2;2
15.4;1.59816099129072;-9.51168003780846;-3.01592672740853;-0.209440479998434;4;0;2;2
15.5;1.49882307918138;-9.52316825523825;-3.03688120387592;-0.209435865801877;4;0;2;2
15.6;1.39926635878532;-9.53257355212903;-3.05778579197686;-0.209453205694528;4;0;2;2
15.7;1.29953450056674;-9.53989173913733;-3.07887688831404;-0.209388046413548;4;0;2;2
15.8;1.19967125181389;-9.54511984558035;-3.09927104124593;-0.209632888462204;4;0;2;2
15.9;1.09972041744935;-9.54825467848522;-3.12226848026613;-0.20871290539432;4;0;2;2
16;0.999725840815055;-9.54929824314928;-3.1355465083685;0.210164110481029;4;0;2;2
16.1;0.89973138444043;-9.55034908760897;-3.12226848026609;0.209244066018494;4;0;2;2
16.2;0.799780910802168;-9.55349652504936;-3.09927104124595;0.209492224502908;4;0;2;2
16.3;0.699918263083961;-9.55873579794798;-3.07887688831404;0.209425293020211;4;0;2;2
16.4;0.600187245944749;-9.56606551891868;-3.05778579197687;0.209443344508654;4;0;2;2
16.5;0.500631606303841;-9.57548222713193;-3.03688120387591;0.209438476211405;4;0;2;2
16.6;0.401295014151356;-9.58698185820928;-3.01592672740852;0.209439789084943;4;0;2;2
16.7;0.302221043392449;-9.60055934998094;-2.99498558957555;0.209439435046295;4;0;2;2
16.8;0.203453152733622;-9.6162087515109;-2.97404088698978;0.209439530514917;4;0;2;2
16.9;0.105034666619638;-9.63392319690416;-2.95309713666021;0.209439504772278;4;0;2;2
17;0.00700875622927375;-9.65369491608588;-2.93215313206776;0.209439511713375;4;0;2;2
17.1;-0.0905815794616862;-9.67551523611506;-2.91120919533561;0.209439509841892;4;0;2;2
17.2;-0.187693532541887;-9.69937458555378;-2.89026524050047;0.209439510346468;4;0;2;2
17.3;-0.284284504942079;-9.72526249851341;-2.8693212904924;0.209439510210433;4;0;2;2
17.4;-0.380312127120702;-9.75316761928649;-2.84837733919783;0.209439510247107;4;0;2;2
17.5;-0.475734276649255;-9.78307770731686;-2.82743338824597;0.20943951023722;4;0;2;2
17.6;-0.57050909668927;-9.81497964257194;-2.80648943720285;0.209439510239885;4;0;2;2
17.7;-0.664595014352751;-9.84885943129702;-2.78554548618401;0.209439510239167;4;0;2;2
17.8;-0.757950758938113;-9.88470221215382;-2.76460153515874;0.209439510239361;4;0;2;2
17.9;-0.850535380033515;-9.92249226273935;-2.74365758413516;0.209439510239308;4;0;2;2
18;-0.942308265479723;-9.96221300648254;-2.72271363311112;0.209439510239322;4;0;2;2
18.1;-1.03322915918462;-10.0038470199155;-2.70176968208723;0.209439510239319;4;0;2;2
18.2;-1.12325817878146;-10.0473760403165;-2.6808257310633;0.20943951023932;4;0;2;2
18.3;-1.21235583312329;-10.0927809737205;-2.65988178003935;0.209439510239319;4;0;2;2
18.4;-1.30048303960564;-10.140041903295;-2.63893782901542;0.20943951023932;4;0;2;2
18.5;-1.38760114131012;-10.1891380980767;-2.61799387799151;0.20943951023932;4;0;2;2
18.6;-1.47367192396124;-10.2400480220647;-2.59704992696755;0.20943951023932;4;0;2;2
18.7;-1.55865763268902;-10.2927493436674;-2.57610597594363;0.20943951023932;4;0;2;2
18.8;-1.64252098859019;-10.3472189454984;-2.5551620249197;0.20943951023932;4;0;2;2
18.9;-1.72522520508051;-10.4034329345168;-2.53421807389577;0.20943951023932;4;0;2;2
19;-1.80673400403118;-10.4613666525077;-2.51327412287184;0.20943951023932;4;0;2;2
19.1;-1.88701163168222;-10.5209946868989;-2.4923301718479;0.20943951023932;4;0;2;2
19.2;-1.96602287432579;-10.5822908819077;-2.47138622082397;0.20943951023932;4;0;2;2
19.3;-2.04373307375269;-10.6452283500143;-2.45044226980004;0.20943951023932;4;0;2;2
19.4;-2.12010814245514;-10.709779483756;-2.42949831877611;0.20943951023932;4;0;2;2
19.5;-2.1951145785792;-10.775915967837;-2.40855436775217;0.20943951023932;4;0;2;2
19.6;-2.26871948062039;-10.8436087915493;-2.38761041672824;0.20943951023932;4;0;2;2
19.7;-2.34089056185587;-10.9128282614977;-2.36666646570432;0.20943951023932;4;0;2;2
19.8;-2.41159616450694;-10.9835440146251;-2.34572251468037;0.20943951023932;4;0;2;2
19.9;-2.4808052736258;-11.0557250315313;-2.32477856365644;0.20943951023932;4;0;2;2
20;-2.54848753070013;-11.1293396500793;-2.30383461263252;0.20943951023932;4;0;2;2
20.1;-2.61461324696986;-11.204355579284;-2.28289066160859;0.20943951023932;4;0;2;2
20.2;-2.67915341645013;-11.2807399134769;-2.26194671058466;0.20943951023932;4;0;2;2
20.3;-2.74207972865472;-11.3584591467398;-2.24100275956071;0.20943951023932;4;0;2;2
20.4;-2.80336458101443;-11.4374791876021;-2.22005880853679;0.20943951023932;4;0;2;2
20.5;-2.86298109098491;-11.5177653739953;-2.19911485751286;0.20943951023932;4;0;2;2
20.6;-2.92090310783869;-11.5992824884574;-2.17817090648892;0.20943951023932;4;0;2;2
20.7;-2.97710522413612;-11.6819947735808;-2.157226955465;0.20943951023932;4;0;2;2
20.8;-3.03156278687039;-11.7658659476973;-2.13628300444106;0.20943951023932;4;0;2;2
20.9;-3.08425190828148;-11.8508592207932;-2.11533905341713;0.20943951023932;4;0;2;2
21;-3.13514947633457;-11.9369373106472;-2.09439510239319;0.209439510239319;4;0;2;2
21.1;-3.18423316485804;-12.0240624591841;-2.07345115136926;0.20943951023932;4;0;2;2
21.2;-3.23148144333689;-12.1121964490371;-2.05250720034533;0.209439510239319;4;0;2;2
21.3;-3.27687358635705;-12.2013006203125;-2.0315632493214;0.20943951023932;4;0;2;2
21.4;-3.32038968269658;-12.2913358875471;-2.01061929829746;0.209439510239316;4;0;2;2
21.5;-3.36201064405967;-12.3822627568534;-1.98967534727356;0.209439510239333;4;0;2;2
21.6;-3.40171821344975;-12.4740413432435;-1.96873139624953;0.209439510239268;4;0;2;2
21.7;-3.43949497317789;-12.5666313881246;-1.94778744522595;0.209439510239511;4;0;2;2
21.8;-3.47532435250303;-12.6599922769583;-1.92684349420067;0.209439510238602;4;0;2;2
21.9;-3.50919063490076;-12.7540830570761;-1.90589954318184;0.20943951024201;4;0;2;2
22;-3.54107896495733;-12.8488624556437;-1.88495559213873;0.20943951022923;4;0;2;2
22.1;-3.570975354886;-12.9442888977647;-1.86401164118686;0.209439510277156;4;0;2;2
22.2;-3.59886669066256;-13.0403205247177;-1.84306768989228;0.209439510097438;4;0;2;2
22.3;-3.62474073777877;-13.1369152123174;-1.82212373988422;0.209439510771341;4;0;2;2
22.4;-3.64858614660509;-13.2340305893926;-1.80117978504909;0.209439508244404;4;0;2;2
22.5;-3.67039245738406;-13.3316240563722;-1.78023584831691;0.209439517719469;4;0;2;2
22.6;-3.69015010476267;-13.4296528039713;-1.75929184372449;0.209439482192308;4;0;2;2
22.7;-3.70785042219737;-13.5280738319695;-1.73834809339491;0.209439615400052;4;0;2;2
22.8;-3.72348564497127;-13.626843968073;-1.71740339080914;0.209439115953286;4;0;2;2
22.9;-3.73704891654114;-13.7259198868523;-1.69646225297617;0.209440988530701;4;0;2;2
23;-3.74853428051825;-13.8252581287461;-1.67550777650876;0.209433967816683;4;0;2;2
23.1;-3.75793672462287;-13.9248151191258;-1.65460318840782;0.209460289508086;4;0;2;2
23.2;-3.76525202788724;-14.0245471874087;-1.63351209207066;0.209361607632993;4;0;2;2
23.3;-3.77047734359463;-14.1244105862144;-1.61311793913875;0.209731565411434;4;0;2;2
23.4;-3.77360902204141;-14.2243615105546;-1.59012050011857;0.208344595043807;4;0;2;2
23.5;-3.7746507792273;-14.3243561170477;-1.5768424720162;-0.210523825200025;4;0;2;2
23.6;-3.77570345608476;-14.4243505431514;-1.59012050011858;-0.209147686898851;4;0;2;2
23.7;-3.77885404131921;-14.5243009264021;-1.61311793913875;-0.209518047562651;4;0;2;2
23.8;-3.7840961067141;-14.6241634236558;-1.63351209207067;-0.209418374193652;4;0;2;2
23.9;-3.79142871092098;-14.7238942303197;-1.65460318840782;-0.209445198284362;4;0;2;2
24;-3.80084827200958;-14.8234495995667;-1.67550777650876;-0.209437979525394;4;0;2;2
24.1;-3.81235075645794;-14.9227858615252;-1.69646225297616;-0.209439922163066;4;0;2;2
24.2;-3.82593109224192;-15.0218594424351;-1.71740339080915;-0.209439399390394;4;0;2;2
24.3;-3.84158332948291;-15.1206268837607;-1.73834809339491;-0.209439540068277;4;0;2;2
24.4;-3.85930060042449;-15.2190448612545;-1.75929184372449;-0.209439502212626;4;0;2;2
24.5;-3.87907513391784;-15.3170702039607;-1.78023584831691;-0.209439512399188;4;0;2;2
24.6;-3.90089825574314;-15.4146599131526;-1.80117978504908;-0.20943950965814;4;0;2;2
24.7;-3.92476039324535;-15.5117711811936;-1.82212373988422;-0.209439510395701;4;0;2;2
24.8;-3.95065107930965;-15.6083614103151;-1.84306768989228;-0.209439510197242;4;0;2;2
24.9;-3.97855895701304;-15.7043882313014;-1.86401164118686;-0.209439510250641;4;0;2;2
25;-4.0084717845898;-15.7998095220755;-1.88495559213873;-0.209439510236273;4;0;2;2
25.1;-4.0403764408057;-15.8945834261756;-1.90589954318183;-0.209439510240139;4;0;2;2
25.2;-4.07425893071247;-15.9886683711155;-1.92684349420067;-0.209439510239099;4;0;2;2
25.3;-4.11010439178698;-16.0820230866204;-1.94778744522595;-0.209439510239379;4;0;2;2
25.4;-4.14789710045054;-16.1746066227297;-1.96873139624953;-0.209439510239304;4;0;2;2
25.5;-4.18762047896614;-16.2663783677602;-1.98967534727356;-0.209439510239324;4;0;2;2
25.6;-4.22925710271017;-16.3572980661199;-2.01061929829746;-0.209439510239318;4;0;2;2
25.7;-4.27278870781578;-16.4473258359666;-2.03156324932141;-0.20943951023932;4;0;2;2
25.8;-4.31819619918426;-16.5364221867014;-2.05250720034533;-0.209439510239319;4;0;2;2
25.9;-4.36545965886111;-16.6245480362917;-2.07345115136927;-0.20943951023932;4;0;2;2
26;-4.41455835477306;-16.7116647284142;-2.09439510239318;-0.20943951023932;4;0;2;2
26.1;-4.46547074982212;-16.7977340494119;-2.11533905341713;-0.20943951023932;4;0;2;2
26.2;-4.51817451133284;-16.8827182450559;-2.13628300444107;-0.20943951023932;4;0;2;2
26.3;-4.57264652084851;-16.9665800371066;-2.15722695546498;-0.20943951023932;4;0;2;2
26.4;-4.62886288427206;-17.0492826396658;-2.17817090648893;-0.20943951023932;4;0;2;2
26.5;-4.68679894234719;-17.1307897753127;-2.19911485751285;-0.20943951023932;4;0;2;2
26.6;-4.74642928147507;-17.2110656910167;-2.22005880853679;-0.20943951023932;4;0;2;2
26.7;-4.8077277448621;-17.2900751738211;-2.24100275956073;-0.20943951023932;4;0;2;2
26.8;-4.87066744399345;-17.3677835662887;-2.26194671058464;-0.20943951023932;4;0;2;2
26.9;-4.93522077042776;-17.4441567817042;-2.28289066160858;-0.20943951023932;4;0;2;2
27;-5.00135940790752;-17.5191613190266;-2.30383461263252;-0.20943951023932;4;0;2;2
27.1;-5.06905434478;-17.5927642775844;-2.32477856365644;-0.20943951023932;4;0;2;2
27.2;-5.13827588672316;-17.6649333715073;-2.34572251468038;-0.20943951023932;4;0;2;2
27.3;-5.20899366977102;-17.7356369438882;-2.36666646570432;-0.20943951023932;4;0;2;2
27.4;-5.28117667363285;-17.80484398067;-2.38761041672823;-0.20943951023932;4;0;2;2
27.5;-5.35479323530011;-17.8725241242494;-2.40855436775219;-0.20943951023932;4;0;2;2
27.6;-5.42981106293549;-17.9386476867933;-2.4294983187761;-0.20943951023932;4;0;2;2
27.7;-5.50619725003761;-18.0031856632617;-2.45044226980004;-0.20943951023932;4;0;2;2
27.8;-5.58391828987547;-18.0661097441303;-2.47138622082397;-0.20943951023932;4;0;2;2
27.9;-5.66294009018614;-18.1273923278086;-2.49233017184788;-0.20943951023932;4;0;2;2
28;-5.74322798812932;-18.1870065327476;-2.51327412287186;-0.20943951023932;4;0;2;2
28.1;-5.82474676549213;-18.2449262092307;-2.53421807389577;-0.20943951023932;4;0;2;2
28.2;-5.90746066413754;-18.3011259508449;-2.55516202491968;-0.20943951023932;4;0;2;2
28.3;-5.9913334016897;-18.3555811056252;-2.57610597594365;-0.20943951023932;4;0;2;2
28.4;-6.07632818744911;-18.4082677868676;-2.59704992696756;-0.20943951023932;4;0;2;2
28.5;-6.16240773853085;-18.4591628836079;-2.61799387799148;-0.20943951023932;4;0;2;2
28.6;-6.24953429621872;-18.5082440707583;-2.63893782901544;-0.20943951023932;4;0;2;2
28.7;-6.33766964252799;-18.5554898189012;-2.65988178003938;-0.20943951023932;4;0;2;2
28.8;-6.42677511696973;-18.6008794037323;-2.68082573106327;-0.20943951023932;4;0;2;2
28.9;-6.51681163350924;-18.6443929151519;-2.70176968208721;-0.20943951023932;4;0;2;2
29;-6.60773969771098;-18.6860112659981;-2.72271363311117;-0.20943951023932;4;0;2;2
29.1;-6.69951942406292;-18.7257162004194;-2.7436575841351;-0.20943951023932;4;0;2;2
29.2;-6.79211055347216;-18.7634903018826;-2.76460153515901;-0.20943951023932;4;0;2;2
29.3;-6.88547247092461;-18.7993170008128;-2.78554548618294;-0.20943951023932;4;0;2;2
29.4;-6.9795642233007;-18.8331805818613;-2.80648943720686;-0.20943951023932;4;0;2;2
29.5;-7.07434453733946;-18.8650661907993;-2.82743338823082;-0.20943951023932;4;0;2;2
29.6;-7.16977183774295;-18.8949598410337;-2.84837733925475;-0.20943951023932;4;0;2;2
29.7;-7.26580426541328;-18.9228484197421;-2.86932129027868;-0.20943951023932;4;0;2;2
29.8;-7.36239969581403;-18.9487196936251;-2.89026524130263;-0.20943951023932;4;0;2;2
29.9;-7.45951575744813;-18.972562314272;-2.91120919232651;-0.20943951023932;4;0;2;2
30;-7.55710985044412;-18.9943658231392;-2.93215314335047;-0.20943951023932;4;0;2;2
30.1;-7.65513916524251;-19.0141206561375;-2.95309709437441;-0.20943951023932;4;0;2;2
30.2;-7.75356070137417;-19.0318181478275;-2.97404104539834;-0.20943951023932;4;0;2;2
30.3;-7.85233128632244;-19.0474505352206;-2.99498499642225;-0.20943951023932;4;0;2;2
30.4;-7.95140759446072;-19.0610109611845;-3.01592894744623;-0.20943951023932;4;0;2;2
30.5;-8.0507461660572;-19.0724934774507;-3.03687289847014;-0.20943951023932;4;0;2;2
30.6;-8.15030342633846;-19.081893047224;-3.05781684949403;-0.20943951023932;4;0;2;2
30.7;-8.25003570460348;-19.0892055473917;-3.07876080051802;-0.20943951023932;4;0;2;2
30.8;-8.34989925337974;-19.0944277703323;-3.09970475154193;-0.20943951023932;4;0;2;2
30.9;-8.44985026761309;-19.0975574253225;-3.12064870256585;-0.20943951023932;4;0;2;2
31;-8.54984490388268;-19.098593139542;-3.14159265358979;-0.20943951023932;4;0;2;2
31.1;-8.64983929963293;-19.0975344586757;3.12064870256584;-0.20943951023932;4;0;2;2
31.2;-8.74978959241373;-19.0943818471131;3.09970475154194;-0.20943951023932;4;0;2;2
31.3;-8.84965193912072;-19.0891366877442;3.07876080051799;-0.20943951023932;4;0;2;2
31.4;-8.949382535227;-19.0818012813535;3.05781684949407;-0.20943951023932;4;0;2;2
31.5;-9.04893763399796;-19.0723788456102;3.03687289847014;-0.20943951023932;4;0;2;2
31.6;-9.14827356568072;-19.0608735136571;3.01592894744619;-0.20943951023932;4;0;2;2
31.7;-9.24734675665985;-19.0472903322976;2.99498499642229;-0.20943951023932;4;0;2;2
31.8;-9.34611374857088;-19.0316352597817;2.97404104539833;-0.20943951023932;4;0;2;2
31.9;-9.4445312173633;-19.0139151631926;2.95309709437441;-0.20943951023932;4;0;2;2
32;-9.54255599230457;-18.9941378154345;2.93215314335046;-0.20943951023932;4;0;2;2
32.1;-9.64014507491698;-18.9723118918229;2.91120919232652;-0.20943951023932;4;0;2;2
32.2;-9.73725565783883;-18.9484469662791;2.89026524130261;-0.20943951023932;4;0;2;2
32.3;-9.83384514360188;-18.9225535071308;2.86932129027868;-0.20943951023932;4;0;2;2
32.4;-9.92987116331668;-18.8946428725203;2.84837733925476;-0.20943951023932;4;0;2;2
32.5;-10.0252915952577;-18.8647273054218;2.82743338823083;-0.20943951023932;4;0;2;2
32.6;-10.1200645833398;-18.8328199282713;2.80648943720687;-0.20943951023932;4;0;2;2
32.7;-10.2141485554786;-18.7989347372108;2.78554548618295;-0.20943951023932;4;0;2;2
32.8;-10.307502241826;-18.7630865959481;2.76460153515904;-0.20943951023932;4;0;2;2
32.9;-10.4000846928729;-18.7252912292377;2.74365758413508;-0.20943951023932;4;0;2;2
33;-10.491855297412;-18.6855652159824;2.72271363311113;-0.20943951023932;4;0;2;2
33.1;-10.5827738003517;-18.6439259819617;2.70176968208723;-0.20943951023932;4;0;2;2
33.2;-10.672800320374;-18.6003917921873;2.6808257310633;-0.20943951023932;4;0;2;2
33.3;-10.7618953674283;-18.5549817428918;2.65988178003936;-0.20943951023932;4;0;2;2
33.4;-10.8500198600539;-18.5077157531516;2.63893782901543;-0.20943951023932;4;0;2;2
33.5;-10.9371351425227;-18.4586145561499;2.61799387799149;-0.20943951023932;4;0;2;2
33.6;-11.0232030017961;-18.4076996900817;2.59704992696757;-0.20943951023932;4;0;2;2
33.7;-11.1081856842862;-18.3549934887064;2.57610597594363;-0.20943951023932;4;0;2;2
33.8;-11.1920459124173;-18.300519071551;2.5551620249197;-0.20943951023932;4;0;2;2
33.9;-11.2747469009772;-18.2443003337686;2.53421807389576;-0.20943951023932;4;0;2;2
34;-11.356252373253;-18.186361935657;2.51327412287183;-0.20943951023932;4;0;2;2
34.1;-11.436526576944;-18.1267292918416;2.49233017184791;-0.20943951023932;4;0;2;2
34.2;-11.5155342998441;-18.0654285601268;2.47138622082397;-0.20943951023932;4;0;2;2
34.3;-11.5932408852882;-18.0024866300226;2.45044226980004;-0.20943951023932;4;0;2;2
34.4;-11.6696122473538;-17.9379311109488;2.4294983187761;-0.20943951023932;4;0;2;2
34.5;-11.7446148858128;-17.8717903201249;2.40855436775216;-0.20943951023932;4;0;2;2
34.6;-11.8182159008266;-17.804093270148;2.38761041672825;-0.20943951023932;4;0;2;2
34.7;-11.8903830073773;-17.7348696562671;2.36666646570432;-0.20943951023932;4;0;2;2
34.8;-11.9610845494299;-17.6641498433572;2.34572251468036;-0.20943951023932;4;0;2;2
34.9;-12.0302895138176;-17.5919648525992;2.32477856365645;-0.20943951023932;4;0;2;2
35;-12.0979675438462;-17.5183463478733;2.30383461263251;-0.20943951023932;4;0;2;2
35.1;-12.1640889526098;-17.4433266218691;2.28289066160858;-0.20943951023932;4;0;2;2
35.2;-12.2286247360131;-17.3669385819207;2.26194671058466;-0.20943951023932;4;0;2;2
35.3;-12.2915465854938;-17.2892157355719;2.24100275956072;-0.20943951023932;4;0;2;2
35.4;-12.3528269004403;-17.2101921758781;2.22005880853677;-0.20943951023932;4;0;2;2
35.5;-12.4124388002985;-17.1299025664511;2.19911485751285;-0.20943951023932;4;0;2;2
35.6;-12.4703561363632;-17.0483821262548;2.17817090648893;-0.20943951023932;4;0;2;2
35.7;-12.5265535032479;-16.9656666141555;2.15722695546499;-0.20943951023932;4;0;2;2
35.8;-12.5810062500293;-16.8817923132368;2.13628300444107;-0.20943951023932;4;0;2;2
35.9;-12.6336904910597;-16.796796014884;2.11533905341713;-0.20943951023932;4;0;2;2
36;-12.6845831164451;-16.7107150026455;2.09439510239318;-0.209439510239319;4;0;2;2
36.1;-12.7336618021821;-16.6235870358784;2.07345115136926;-0.20943951023932;4;0;2;2
36.2;-12.78090501995;-16.5354503331856;2.05250720034535;-0.209439510239319;4;0;2;2
36.3;-12.8262920465547;-16.4463435556509;2.0315632493214;-0.20943951023932;4;0;2;2
36.4;-12.8698029730186;-16.3563057898807;2.01061929829745;-0.209439510239316;4;0;2;2
36.5;-12.9114187133135;-16.2653765308585;1.98967534727355;-0.209439510239331;4;0;2;2
36.6;-12.9511210127332;-16.1735956646204;1.96873139624956;-0.209439510239275;4;0;2;2
36.7;-12.9888924559004;-16.0810034507593;1.94778744522581;-0.209439510239485;4;0;2;2
36.8;-13.0247164744061;-15.987640504765;1.92684349420122;-0.209439510238699;4;0;2;2
36.9;-13.0585773540775;-15.8935477802083;1.90589954317983;-0.209439510241641;4;0;2;2
37;-13.0904602418707;-15.7987665507765;1.88495559214628;-0.209439510230631;4;0;2;2
37.1;-13.1203511523861;-15.7033383921691;1.86401164115843;-0.209439510271837;4;0;2;2
37.2;-13.1482369740032;-15.6073051638606;1.84306768999906;-0.209439510117624;4;0;2;2
37.3;-13.1741054746324;-15.5107089907384;1.82212373948345;-0.209439510694764;4;0;2;2
37.4;-13.1979453070775;-15.4135922446255;1.80117978655254;-0.209439508534844;4;0;2;2
37.5;-13.2197460140256;-15.3159975256936;1.78023584267925;-0.20943951661818;4;0;2;2
37.6;-13.2394980325872;-15.2179676437766;1.759291864855;-0.209439486367133;4;0;2;2
37.7;-13.2571926986682;-15.1195455995928;1.73834801423185;-0.209439599577691;4;0;2;2
37.8;-13.2728222501045;-15.0207745658805;1.7174036872507;-0.209439175905249;4;0;2;2
37.9;-13.2863798325608;-14.9216978684677;1.69646114339149;-0.209440761420013;4;0;2;2
38;-13.2978594932037;-14.8223589672396;1.6755119278563;-0.209434827971606;4;0;2;2
38.1;-13.3072562182422;-14.7228014371797;1.65458766375365;-0.209457032465213;4;0;2;2
38.2;-13.3145658044114;-14.6230689488616;1.633570124622;-0.20937393813034;4;0;2;2
38.3;-13.3197853499844;-14.5232052507705;1.6129011155689;-0.20968489404041;4;0;2;2
38.4;-13.3229114254804;-14.4232541445805;1.59093034548037;-0.208521175227458;4;0;2;2
38.5;-13.323946925796;-14.3232594866451;1.57381948228518;0.000899302723290386;4;0;2;2
38.6;-13.3239443296378;-14.2232594944925;1.56998626304612;-0.000240967438456768;4;0;2;2
38.7;-13.3239450252763;-14.1232594923898;1.57101338209237;6.45670305366873E-05;4;0;2;2
38.8;-13.3239448388805;-14.0232594929532;1.570738166954;-1.7300683689981E-05;4;0;2;2
38.9;-13.3239448888251;-13.9232594928022;1.57081191067384;4.63570422323655E-06;4;0;2;2
39;-13.3239448754425;-13.8232594928427;1.57079215110688;-1.24213320296582E-06;4;0;2;2
39.1;-13.3239448790284;-13.7232594928318;1.57079744566711;3.32828588626576E-07;4;0;2;2
39.2;-13.3239448780675;-13.6232594928347;1.57079602699397;-8.91811515404813E-08;4;0;2;2
39.3;-13.323944878325;-13.523259492834;1.57079640712632;2.38960175353495E-08;4;0;2;2
39.4;-13.323944878256;-13.4232594928342;1.57079630527014;-6.40291860091664E-09;4;0;2;2
39.5;-13.3239448782745;-13.3232594928341;1.57079633256243;1.71565686831789E-09;4;0;2;2
39.6;-13.3239448782695;-13.2232594928341;1.5707963252495;-4.59708872354687E-10;4;0;2;2
39.7;-13.3239448782709;-13.1232594928341;1.57079632720898;1.2317862110086E-10;4;0;2;2
39.8;-13.3239448782705;-13.0232594928341;1.57079632668394;-3.30056120487547E-11;4;0;2;2
39.9;-13.3239448782706;-12.9232594928341;1.57079632682463;8.84382709415848E-12;4;0;2;2
40;-13.3239448782706;-12.8232594928341;1.57079632678693;-2.36969632788033E-12;4;0;2;2
40.1;-13.3239448782706;-12.7232594928341;1.57079632679703;6.34958217362531E-13;4;0;2;2
40.2;-13.3239448782706;-12.6232594928341;1.57079632679432;-1.70136541569795E-13;4;0;2;2
40.3;-13.3239448782706;-12.5232594928341;1.57079632679505;4.55879489166507E-14;4;0;2;2
40.4;-13.3239448782706;-12.4232594928341;1.57079632679486;-1.22152540968074E-14;4;0;2;2
40.5;-13.3239448782706;-12.3232594928341;1.57079632679491;3.27306747058063E-15;4;0;2;2
40.6;-13.3239448782706;-12.2232594928341;1.57079632679489;-8.77015785514657E-16;4;0;2;2
40.7;-13.3239448782706;-12.1232594928341;1.5707963267949;2.34995671477999E-16;4;0;2;2
40.8;-13.3239448782706;-12.0232594928341;1.57079632679489;-6.29669003973391E-17;4;0;2;2
40.9;-13.3239448782706;-11.9232594928341;1.57079632679491;1.68719301113574E-17;4;0;2;2
41;-13.3239448782706;-11.8232594928341;1.5707963267949;-4.52082004809272E-18;4;0;2;2
41.1;-13.3239448782706;-11.7232594928341;1.57079632679488;1.21135008101287E-18;4;0;2;2
41.2;-13.3239448782706;-11.6232594928341;1.5707963267949;-3.24580275958775E-19;4;0;2;2
41.3;-13.3239448782706;-11.5232594928341;1.5707963267949;8.69710228222244E-20;4;0;2;2
41.4;-13.3239448782706;-11.4232594928341;1.5707963267949;-2.3303815330123E-20;4;0;2;2
41.5;-13.3239448782706;-11.3232594928341;1.5707963267949;6.2442384982707E-21;4;0;2;2
41.6;-13.3239448782706;-11.2232594928341;1.5707963267949;-1.67313866295896E-21;4;0;2;2
41.7;-13.3239448782706;-11.1232594928341;1.57079632679489;4.48316153565142E-22;4;0;2;2
41.8;-13.3239448782706;-11.0232594928341;1.57079632679491;-1.20125951301607E-22;4;0;2;2
41.9;-13.3239448782706;-10.9232594928341;1.5707963267949;3.21876516412849E-23;4;0;2;2
42;-13.3239448782706;-10.8232594928341;1.57079632679488;-8.62465526353691E-24;4;0;2;2
42.1;-13.3239448782706;-10.7232594928341;1.5707963267949;2.3109694128617E-24;4;0;2;2
42.2;-13.3239448782706;-10.6232594928341;1.5707963267949;-6.19222387909892E-25;4;0;2;2
42.3;-13.3239448782706;-10.5232594928341;1.5707963267949;1.65920138777868E-25;4;0;2;2
42.4;-13.3239448782706;-10.4232594928341;1.5707963267949;-4.44581672015815E-26;4;0;2;2
42.5;-13.3239448782706;-10.3232594928341;1.5707963267949;1.1912530028463E-26;4;0;2;2
42.6;-13.3239448782706;-10.2232594928341;1.5707963267949;-3.19195291226902E-27;4;0;2;2
42.7;-13.3239448782706;-10.1232594928341;1.5707963267949;8.55281620613093E-28;4;0;2;2
42.8;-13.3239448782706;-10.0232594928341;1.5707963267949;-2.29173570183347E-28;4;0;2;2
42.9;-13.3239448782706;-9.92325949283412;1.5707963267949;6.14126601202957E-29;4;0;2;2
43;-13.3239448782706;-9.82325949283413;1.5707963267949;-1.64770702978434E-29;4;0;2;2
43.1;-13.3239448782706;-9.72325949283412;1.5707963267949;4.49562107107572E-30;4;0;2;2
43.2;-13.3239448782706;-9.62325949283412;1.5707963267949;-1.5054139864595E-30;4;0;2;2
43.3;-13.3239448782706;-9.52325949283412;1.5707963267949;1.52603487476227E-30;4;0;2;2
43.4;-13.3239448782706;-9.42325949283412;1.5707963267949;-4.59872551258958E-30;4;0;2;2
43.5;-13.3239448782706;-9.32325949283413;1.5707963267949;1.68688671755955E-29;4;0;2;2
43.6;-13.3239448782706;-9.22325949283412;1.5707963267949;-6.28767431897945E-29;4;0;2;2
43.7;-13.3239448782706;-9.12325949283412;1.5707963267949;2.34638105583583E-28;4;0;2;2
43.8;-13.3239448782706;-9.02325949283412;1.5707963267949;-8.75675679144536E-28;4;0;2;2
43.9;-13.3239448782706;-8.92325949283412;1.5707963267949;3.26806461099456E-27;4;0;2;2
44;-13.3239448782706;-8.82325949283413;1.5707963267949;-1.21965827648333E-26;4;0;2;2
44.1;-13.3239448782706;-8.72325949283412;1.5707963267949;4.55182664483402E-26;4;0;2;2
44.2;-13.3239448782706;-8.62325949283412;1.5707963267949;-1.69876483028527E-25;4;0;2;2
44.3;-13.3239448782706;-8.52325949283412;1.5707963267949;6.33987665665769E-25;4;0;2;2
44.4;-13.3239448782706;-8.42325949283412;1.5707963267949;-2.36607417963455E-24;4;0;2;2
44.5;-13.3239448782706;-8.32325949283413;1.5707963267949;8.83030905287214E-24;4;0;2;2
44.6;-13.3239448782706;-8.22325949283412;1.5707963267949;-3.29551620318551E-23;4;0;2;2
44.7;-13.3239448782706;-8.12325949283412;1.5707963267949;1.22990339074548E-22;4;0;2;2
44.8;-13.3239448782706;-8.02325949283412;1.5707963267949;-4.59006194266337E-22;4;0;2;2
44.9;-13.3239448782706;-7.92325949283412;1.5707963267949;1.7130344379908E-21;4;0;2;2
45;-13.3239448782706;-7.82325949283413;1.5707963267949;-6.39313155769666E-21;4;0;2;2
45.1;-13.3239448782706;-7.72325949283412;1.5707963267949;2.38594917927966E-20;4;0;2;2
45.2;-13.3239448782706;-7.62325949283412;1.5707963267949;-8.90448356134898E-20;4;0;2;2
45.3;-13.3239448782706;-7.52325949283412;1.5707963267949;3.32319850661163E-19;4;0;2;2
45.4;-13.3239448782706;-7.42325949283412;1.5707963267949;-1.24023456703116E-18;4;0;2;2
45.5;-13.3239448782706;-7.32325949283413;1.5707963267949;4.62861841746333E-18;4;0;2;2
45.6;-13.3239448782706;-7.22325949283412;1.5707963267949;-1.72742391028227E-17;4;0;2;2
45.7;-13.3239448782706;-7.12325949283412;1.5707963267949;6.44683379938276E-17;4;0;2;2
45.8;-13.3239448782706;-7.02325949283412;1.5707963267949;-2.40599112872488E-16;4;0;2;2
45.9;-13.3239448782706;-6.92325949283412;1.5707963267949;8.97928113496123E-16;4;0;2;2
46;-13.3239448782706;-6.82325949283413;1.5707963267949;-3.35111334111189E-15;4;0;2;2
46.1;-13.3239448782706;-6.72325949283412;1.57079632679489;1.25065252509519E-14;4;0;2;2
46.2;-13.3239448782706;-6.62325949283412;1.57079632679492;-4.66749876626955E-14;4;0;2;2
46.3;-13.3239448782706;-6.52325949283412;1.5707963267948;1.7419342539983E-13;4;0;2;2
46.4;-13.3239448782706;-6.42325949283412;1.57079632679527;-6.50098713936626E-13;4;0;2;2
46.5;-13.3239448782706;-6.32325949283413;1.57079632679351;2.42620143034659E-12;4;0;2;2
46.6;-13.3239448782706;-6.22325949283412;1.57079632680007;-9.05470700745004E-12;4;0;2;2
46.7;-13.3239448782706;-6.12325949283412;1.57079632677559;3.37926265994536E-11;4;0;2;2
46.8;-13.3239448782706;-6.02325949283412;1.57079632686694;-1.26115799390364E-10;4;0;2;2
46.9;-13.3239448782704;-5.92325949283412;1.57079632652603;4.70670570962003E-10;4;0;2;2
47;-13.3239448782713;-5.82325949283411;1.57079632779833;-1.75656648445759E-09;4;0;2;2
47.1;-13.323944878268;-5.72325949283418;1.57079632305004;6.55559536686858E-09;4;0;2;2
47.2;-13.3239448782803;-5.62325949283391;1.57079634077091;-2.44658149830167E-08;4;0;2;2
47.3;-13.3239448782344;-5.52325949283491;1.57079627463571;9.13076645651983E-08;4;0;2;2
47.4;-13.3239448784056;-5.42325949283119;1.57079652145564;-3.40764843277776E-07;4;0;2;2
47.5;-13.3239448777668;-5.32325949284505;1.57079560031108;1.27175170854587E-06;4;0;2;2
47.6;-13.3239448801507;-5.22325949279334;1.5707990380692;-4.74624199090584E-06;4;0;2;2
47.7;-13.323944871254;-5.12325949298634;1.57078620817864;1.77132162550775E-05;4;0;2;2
47.8;-13.3239449044568;-5.02325949226604;1.57083408994563;-6.61066230294041E-05;4;0;2;2
47.9;-13.3239447805421;-4.92325949495422;1.57065539225222;0.000246713275862539;4;0;2;2
48;-13.3239452429116;-4.82325948492191;1.57132229401409;-0.000920813912236705;4;0;2;2
48.1;-13.3236687226497;-4.72325989229019;1.56075668179915;-0.210339552764055;4;0;2;2
48.2;-13.3215448697659;-4.62328242486741;1.53907791928706;-0.209197709718647;4;0;2;2
48.3;-13.3173283071036;-4.52337137068555;1.518330641777;-0.20950447059098;4;0;2;2
48.4;-13.311020081755;-4.42357053439767;1.49733407235057;-0.209422058591016;4;0;2;2
48.5;-13.3026231764116;-4.32392369925519;1.47640419256781;-0.209444198605264;4;0;2;2
48.6;-13.2921412164484;-4.22447457371812;1.45545648025768;-0.209438250723767;4;0;2;2
48.7;-13.2795788153278;-4.12526678146612;1.43451353418779;-0.209439848602083;4;0;2;2
48.8;-13.2649414793553;-4.02634383979571;1.4135693147768;-0.209439419340424;4;0;2;2
48.9;-13.2482356303079;-3.92774914119437;1.39262543539706;-0.209439534658533;4;0;2;2
49;-13.2294685958892;-3.82952593412835;1.37168146525685;-0.20943950367935;4;0;2;2
49.1;-13.2086486083228;-3.73171730411956;1.35073751933123;-0.209439512001575;4;0;2;2
49.2;-13.1857848002554;-3.6343661548334;1.32979356694822;-0.209439509765914;4;0;2;2
49.3;-13.1608872008813;-3.53751518926246;1.30884961628641;-0.209439510366492;4;0;2;2
49.4;-13.1339667315081;-3.44120689099404;1.28790566516603;-0.209439510205157;4;0;2;2
49.5;-13.1050352007755;-3.34548350557495;1.26696171416779;-0.209439510248497;4;0;2;2
49.6;-13.0741052994727;-3.2503870219805;1.24601776313701;-0.209439510236854;4;0;2;2
49.7;-13.0411905949727;-3.15595915419611;1.2250738121149;-0.209439510239982;4;0;2;2
49.8;-13.0063055252804;-3.06224132291949;1.20412986109049;-0.209439510239142;4;0;2;2
49.9;-12.9694653926997;-2.96927463739146;1.18318591006668;-0.209439510239367;4;0;2;2
50;-12.930686357121;-2.87709987736347;1.16224195904272;-0.209439510239307;4;0;2;2
50.1;-12.8899854289328;-2.78575747520955;1.1412980080188;-0.209439510239323;4;0;2;2
50.2;-12.8473804615599;-2.69528749819075;1.12035405699485;-0.209439510239319;4;0;2;2
50.3;-12.8028901436323;-2.60572963087959;1.09941010597091;-0.20943951023932;4;0;2;2
50.4;-12.756533990787;-2.51712315775253;1.07846615494699;-0.209439510239319;4;0;2;2
50.5;-12.7083323371081;-2.42950694595785;1.05752220392307;-0.20943951023932;4;0;2;2
50.6;-12.6583063262069;-2.34291942826656;1.03657825289914;-0.20943951023932;4;0;2;2
50.7;-12.6064779019472;-2.257398586214;1.0156343018752;-0.20943951023932;4;0;2;2
50.8;-12.5528697988197;-2.17298193343917;0.994690350851252;-0.20943951023932;4;0;2;2
50.9;-12.4975055319699;-2.08970649922949;0.97374639982734;-0.20943951023932;4;0;2;2
51;-12.4404093868826;-2.00760881227789;0.952802448803405;-0.20943951023932;4;0;2;2
51.1;-12.3816064087297;-1.92672488465953;0.931858497779465;-0.20943951023932;4;0;2;2
51.2;-12.3211223913835;-1.84709019603517;0.910914546755546;-0.20943951023932;4;0;2;2
51.3;-12.258983866103;-1.76873967808802;0.889970595731606;-0.20943951023932;4;0;2;2
51.4;-12.1952180898952;-1.691707699201;0.869026644707667;-0.20943951023932;4;0;2;2
51.5;-12.1298530335596;-1.61602804938109;0.848082693683749;-0.20943951023932;4;0;2;2
51.6;-12.0629173694181;-1.54173392543734;0.827138742659813;-0.20943951023932;4;0;2;2
51.7;-11.9944404587386;-1.46885791641916;0.806194791635872;-0.20943951023932;4;0;2;2
51.8;-11.9244523388551;-1.39743198932115;0.785250840611943;-0.20943951023932;4;0;2;2
51.9;-11.8529837099924;-1.3274874750608;0.764306889588021;-0.20943951023932;4;0;2;2
52;-11.7800659217991;-1.25905505473522;0.743362938564079;-0.20943951023932;4;0;2;2
52.1;-11.7057309595961;-1.19216474616288;0.722418987540155;-0.20943951023932;4;0;2;2
52.2;-11.6300114303464;-1.12684589071636;0.70147503651622;-0.20943951023932;4;0;2;2
52.3;-11.5529405483524;-1.06312714045177;0.68053108549228;-0.20943951023932;4;0;2;2
52.4;-11.4745521206856;-1.00103644554054;0.659587134468359;-0.20943951023932;4;0;2;2
52.5;-11.3948805323581;-0.940601042009115;0.638643183444427;-0.20943951023932;4;0;2;2
52.6;-11.3139607312392;-0.88184743979188;0.617699232420491;-0.20943951023932;4;0;2;2
52.7;-11.2318282127254;-0.824801411102632;0.596755281396556;-0.20943951023932;4;0;2;2
52.8;-11.1485190041708;-0.769487979129594;0.575811330372637;-0.20943951023932;4;0;2;2
52.9;-11.0640696490834;-0.715931407059027;0.554867379348689;-0.20943951023932;4;0;2;2
53;-10.9785171910955;-0.664155187432214;0.533923428324758;-0.20943951023932;4;0;2;2
53.1;-10.8918991577142;-0.614182031840452;0.512979477300833;-0.209439510239319;4;0;2;2
53.2;-10.8042535438608;-0.566033860962665;0.492035526276895;-0.20943951023932;4;0;2;2
53.3;-10.7156187952033;-0.519731794949903;0.471091575252965;-0.209439510239319;4;0;2;2
53.4;-10.626033791293;-0.475296144161002;0.450147624229045;-0.209439510239321;4;0;2;2
53.5;-10.53553782851;-0.432746400253479;0.429203673205106;-0.209439510239316;4;0;2;2
53.6;-10.4441706028253;-0.392101227633513;0.408259722181169;-0.209439510239334;4;0;2;2
53.7;-10.3519721923888;-0.353378455268841;0.387315771157213;-0.209439510239266;4;0;2;2
53.8;-10.2589830399487;-0.316595068868088;0.366371820133402;-0.209439510239521;4;0;2;2
53.9;-10.1652439351116;-0.281767203430003;0.345427869109037;-0.209439510238567;4;0;2;2
54;-10.07079599645;-0.248910136165852;0.324483918086742;-0.209439510242135;4;0;2;2
54.1;-9.97568065346566;-0.218038279798096;0.303539967056624;-0.209439510228789;4;0;2;2
54.2;-9.87993962841657;-0.189165176238219;0.282596016055953;-0.209439510278711;4;0;2;2
54.3;-9.78361491801572;-0.162303490646769;0.261652064944625;-0.209439510091966;4;0;2;2
54.4;-9.68674877500905;-0.137465005877073;0.240708114248879;-0.209439510790526;4;0;2;2
54.5;-9.58938368964151;-0.114660617309391;0.219764161993154;-0.209439508177432;4;0;2;2
54.6;-9.49156237101842;-0.0939003280616505;0.198820215590337;-0.209439517952139;4;0;2;2
54.7;-9.39332772837227;-0.0751932446389757;0.17787624723819;-0.209439481388437;4;0;2;2
54.8;-9.29472285223646;-0.0585475727993676;0.156932361161683;-0.209439618159539;4;0;2;2
54.9;-9.19579099555932;-0.0439706144769746;0.135988166820715;-0.209439106552729;4;0;2;2
55;-9.0965755546727;-0.0314687626238575;0.115045126940572;-0.209441020262502;4;0;2;2
55.1;-8.99712005047523;-0.0210475057194843;0.0940977655060535;-0.209433861900949;4;0;2;2
55.2;-8.89746810852252;-0.0127113980056207;0.0731665739378119;-0.209460638103944;4;0;2;2
55.3;-8.79766344295613;-0.00646415982097737;0.052174906629774;-0.209360480904977;4;0;2;2
55.4;-8.69774982586228;-0.0023082931922696;0.0314093183716372;-0.209735120068696;4;0;2;2
55.5;-8.59777111096082;-0.000246512368361276;0.0097989240766063;-0.20833366891446;4;0;2;2
55.6;-8.4977713847005;-4.69789970043805E-07;-0.000579894412337891;0.00107568422005047;4;0;2;2
55.7;-8.39777139600257;1.25879844194468E-07;0.000155384423404828;-0.000288228718073425;4;0;2;2
55.8;-8.29777139297419;-3.37294014994467E-08;-4.16349754393129E-05;7.72306522432318E-05;4;0;2;2
55.9;-8.19777139378564;9.03776697560534E-09;1.11560692260908E-05;-2.06938908995022E-05;4;0;2;2
56;-8.09777139356821;-2.42166129302303E-09;-2.98925893779826E-06;5.54491135477956E-06;4;0;2;2
56.1;-7.99777139362647;6.488832441058E-10;8.00969575822538E-07;-1.48575451961535E-06;4;0;2;2
56.2;-7.89777139361086;-1.7386669811427E-10;-2.14619146999715E-07;3.98106723681822E-07;4;0;2;2
56.3;-7.79777139361504;4.65884713037449E-11;5.75070272840276E-08;-1.06672375111944E-07;4;0;2;2
56.4;-7.69777139361392;-1.24823264816836E-11;-1.54089616302772E-08;2.85827767659543E-08;4;0;2;2
56.5;-7.59777139361423;3.3456329085784E-12;4.12881869483959E-09;-7.65873195187678E-09;4;0;2;2
56.6;-7.49777139361415;-8.95469200480484E-13;-1.10631376659296E-09;2.05215104155182E-09;4;0;2;2
56.7;-7.39777139361417;2.40917512054301E-13;2.96435748615851E-10;-5.49872214330498E-10;4;0;2;2
56.8;-7.29777139361416;-6.35895624643268E-14;-7.94298511748207E-11;1.4733781577017E-10;4;0;2;2
56.9;-7.19777139361416;1.79896896370288E-14;2.12830327512027E-11;-3.94790487501813E-11;4;0;2;2
57;-7.09777139361416;-3.88257768813779E-15;-5.70290316422192E-12;1.05783792305604E-11;4;0;2;2
57.1;-6.99777139361416;1.9649060728046E-15;1.52795657131163E-12;-2.83446817205881E-12;4;0;2;2
57.2;-6.89777139361416;3.849049158322E-16;-4.09546455407501E-13;7.59493457674878E-13;4;0;2;2
57.3;-6.79777139361416;7.95092344409409E-16;1.09605915934732E-13;-2.03505658640704E-13;4;0;2;2
57.4;-6.69777139361416;6.72010348702963E-16;-2.95005427151217E-14;5.45291768879387E-14;4;0;2;2
57.5;-6.59777139361416;6.91817464581531E-16;7.77292054205918E-15;-1.46110489110575E-14;4;0;2;2
57.6;-6.49777139361416;6.73337558403694E-16;-2.21447383681388E-15;3.91501875628949E-15;4;0;2;2
57.7;-6.39777139361416;6.65116628866462E-16;4.61640421496272E-16;-1.04902611410047E-15;4;0;2;2
57.8;-6.29777139361416;6.54146814823211E-16;-2.55422232871343E-16;2.81085700112379E-16;4;0;2;2
57.9;-6.19777139361416;6.43913562163434E-16;-6.32858737110242E-17;-7.53166863490462E-17;4;0;2;2
58;-6.09777139361416;6.3348294847578E-16;-1.14768655984687E-16;2.01810452838158E-17;4;0;2;2
58.1;-5.99777139361416;6.23105217516163E-16;-1.00973886050352E-16;-5.40749478621436E-18;4;0;2;2
58.2;-5.89777139361416;6.12713316672274E-16;-1.0467018351403E-16;1.44893386104164E-18;4;0;2;2
58.3;-5.79777139361416;6.02325212637433E-16;-1.03679763593651E-16;-3.88240657952216E-19;4;0;2;2
58.4;-5.69777139361416;5.91936091250674E-16;-1.03945145811485E-16;1.04028770767221E-19;4;0;2;2
58.5;-5.59777139361416;5.8154724246254E-16;-1.03874036860531E-16;-2.78744251166801E-20;4;0;2;2
58.6;-5.49777139361416;5.71158320631824E-16;-1.03893090446513E-16;7.46892969949625E-21;4;0;2;2
58.7;-5.39777139361416;5.60769418372809E-16;-1.03887985053537E-16;-2.00129368130485E-21;4;0;2;2
58.8;-5.29777139361416;5.50380510869572E-16;-1.03889353039462E-16;5.36245025723141E-22;4;0;2;2
58.9;-5.19777139361416;5.39991604771521E-16;-1.03888986488737E-16;-1.43686421587718E-22;4;0;2;2
59;-5.09777139361416;5.29602698296951E-16;-1.03889084705708E-16;3.85006606277483E-23;4;0;2;2
59.1;-4.99777139361416;5.19213791923269E-16;-1.03889058388551E-16;-1.03162209232705E-23;4;0;2;2
59.2;-4.89777139361416;5.08824885522555E-16;-1.03889065440211E-16;2.76422306533369E-24;4;0;2;2
59.3;-4.79777139361416;4.98435979129083E-16;-1.03889063550725E-16;-7.4067133806427E-25;4;0;2;2
59.4;-4.69777139361416;4.88047072733671E-16;-1.03889064057011E-16;1.98462286923386E-25;4;0;2;2
59.5;-4.59777139361416;4.77658166338779E-16;-1.03889063921351E-16;-5.31778096292997E-26;4;0;2;2
59.6;-4.49777139361416;4.67269259943747E-16;-1.03889063957702E-16;1.42489515938058E-26;4;0;2;2
59.7;-4.39777139361416;4.56880353548753E-16;-1.03889063947962E-16;-3.81799674592367E-27;4;0;2;2
59.8;-4.29777139361416;4.46491447153749E-16;-1.03889063950571E-16;1.02303538988886E-27;4;0;2;2
59.9;-4.19777139361416;4.36102540758747E-16;-1.03889063949873E-16;-2.74144813631779E-28;4;0;2;2
60;-4.09777139361416;4.25713634363746E-16;-1.0388906395006E-16;7.35438646382869E-29;4;0;2;2
60.1;-3.99777139361416;4.15324727968744E-16;-1.03889063950009E-16;-2.00306449213594E-29;4;0;2;2
60.2;-3.89777139361416;4.04935821573741E-16;-1.03889063950024E-16;6.5787150471506E-30;4;0;2;2
60.3;-3.79777139361416;3.94546915178739E-16;-1.03889063950016E-16;-6.28421526724303E-30;4;0;2;2
60.4;-3.69777139361416;3.84158008783737E-16;-1.03889063950034E-16;1.85581460218215E-29;4;0;2;2
60.5;-3.59777139361416;3.73769102388736E-16;-1.03889063949971E-16;-6.79483688200409E-29;4;0;2;2
60.6;-3.49777139361416;3.63380195993733E-16;-1.03889063950206E-16;2.5323532925835E-28;4;0;2;2
60.7;-3.39777139361416;3.52991289598732E-16;-1.03889063949329E-16;-9.4499294821336E-28;4;0;2;2
60.8;-3.29777139361416;3.42602383203727E-16;-1.03889063952602E-16;3.52673646359509E-27;4;0;2;2
60.9;-3.19777139361416;3.32213476808735E-16;-1.03889063940384E-16;-1.3161952906167E-26;4;0;2;2
61;-3.09777139361416;3.21824570413695E-16;-1.03889063985982E-16;4.91210751610713E-26;4;0;2;2
61.1;-2.99777139361416;3.11435664018835E-16;-1.03889063815809E-16;-1.83322347738124E-25;4;0;2;2
61.2;-2.89777139361416;3.01046757623304E-16;-1.03889064450904E-16;6.84168315791425E-25;4;0;2;2
61.3;-2.79777139361416;2.90657851230277E-16;-1.03889062080699E-16;-2.55335091542758E-24;4;0;2;2
61.4;-2.69777139361416;2.80268944827903E-16;-1.03889070926423E-16;9.52923534591888E-24;4;0;2;2
61.5;-2.59777139361416;2.69880038460412E-16;-1.0388903791373E-16;-3.55635904682468E-23;4;0;2;2
61.6;-2.49777139361416;2.5949113196274E-16;-1.03889161118779E-16;1.32725126527073E-22;4;0;2;2
61.7;-2.39777139361416;2.49102225950906E-16;-1.03888701311276E-16;-4.95336915640044E-22;4;0;2;2
61.8;-2.29777139361416;2.38713318125901E-16;-1.0389041733624E-16;1.8486225360331E-21;4;0;2;2
61.9;-2.19777139361416;2.28324417067741E-16;-1.03884013043886E-16;-6.89915322849236E-21;4;0;2;2
62;-2.09777139361416;2.17935490755375E-16;-1.0390791418834E-16;2.57479903779355E-20;4;0;2;2
62.1;-1.99777139361416;2.0754665869299E-16;-1.03818713902878E-16;-9.60928082832528E-20;4;0;2;2
62.2;-1.89777139361416;1.97157474884881E-16;-1.04151613900269E-16;3.58623242755076E-19;4;0;2;2
62.3;-1.79777139361416;1.8676960380969E-16;-1.02909214196168E-16;-1.33840016273705E-18;4;0;2;2
62.4;-1.69777139361416;1.7637683354855E-16;-1.07545913015181E-16;4.99497740819312E-18;4;0;2;2
62.5;-1.59777139361416;1.66002347298288E-16;-9.02415174432291E-17;-1.86415094700349E-17;4;0;2;2
62.6;-1.49777139361416;1.55559624190466E-16;-1.54822400912026E-16;6.95710604719485E-17;4;0;2;2
62.7;-1.39777139361416;1.45371564502005E-16;8.61967373912123E-17;-2.59642732417759E-16;4;0;2;2
62.8;-1.29777139361416;1.34233087993659E-16;-8.13298932352939E-16;9.68999869199088E-16;4;0;2;2
62.9;-1.19777139361416;1.26641615345492E-16;2.54366460832044E-15;-3.61635674437859E-15;4;0;2;2
63;-1.09777139361416;1.05812544076493E-16;-9.9846938846286E-15;1.34964271083149E-14;4;0;2;2
63.1;-0.997771393614161;1.34386863430644E-16;3.67717765464949E-14;-5.03693516888824E-14;4;0;2;2
63.2;-0.89777139361416;-2.14147810869755E-17;-1.37725746685052E-13;1.87980979647215E-13;4;0;2;2
63.3;-0.797771393614159;5.1088403925934E-16;5.13507875810013E-13;-7.01554566899977E-13;4;0;2;2
63.4;-0.697771393614158;-1.52484303597831E-15;-1.91692909093868E-12;2.61823728795269E-12;4;0;2;2
63.5;-0.597771393614163;6.02343300625578E-15;7.15358515356097E-12;-9.77139458491048E-12;4;0;2;2
63.6;-0.497771393614162;-2.21962775258135E-14;-2.66980348576872E-11;3.64673410516904E-11;4;0;2;2
63.7;-0.397771393614161;8.30719551218602E-14;9.96379309428419E-11;-1.36097969621851E-10;4;0;2;2
63.8;-0.297771393614158;-3.09843598375135E-13;-3.71854312247523E-10;5.07924537435714E-10;4;0;2;2
63.9;-0.197771393614161;1.15661176363641E-12;1.38777869472042E-09;-1.89580296358686E-09;4;0;2;2
64;-0.0977713936148428;2.24148020959882E-10;-7.54914848293216E-09;-3.67407651715169E-07;4;0;2;2
